scenario,model,channel,credit,share,rank,eligible_conversions,journeys
Full path,First touch,Facebook,5177.0,0.29349736379613356,1,17639,240108
Full path,First touch,Paid Search,4757.0,0.2696864901638415,2,17639,240108
Full path,First touch,Online Video,3216.0,0.1823232609558365,3,17639,240108
Full path,First touch,Instagram,2329.0,0.13203696354668631,4,17639,240108
Full path,First touch,Online Display,2160.0,0.12245592153750212,5,17639,240108
Full path,Last touch,Facebook,5301.0,0.30052724077328646,1,17639,240108
Full path,Last touch,Paid Search,4547.0,0.25778105334769547,2,17639,240108
Full path,Last touch,Online Video,3408.0,0.19320823175917,3,17639,240108
Full path,Last touch,Instagram,2244.0,0.12721809626396055,4,17639,240108
Full path,Last touch,Online Display,2139.0,0.12126537785588752,5,17639,240108
Full path,Linear,Facebook,5217.846316411669,0.2958130458876166,1,17639,240108
Full path,Linear,Paid Search,4680.051339203097,0.2653240738819149,2,17639,240108
Full path,Linear,Online Video,3347.372299167139,0.18977109241834225,3,17639,240108
Full path,Linear,Instagram,2268.0106395141192,0.1285793207956301,4,17639,240108
Full path,Linear,Online Display,2125.7194057037345,0.12051246701648248,5,17639,240108
Full path,Position based,Facebook,5227.640141192017,0.2963682828500491,1,17639,240108
Full path,Position based,Paid Search,4663.87104644558,0.26440677172433696,2,17639,240108
Full path,Position based,Online Video,3323.1588394010455,0.1883983694881255,3,17639,240108
Full path,Position based,Instagram,2281.921330092854,0.12936795340398288,4,17639,240108
Full path,Position based,Online Display,2142.4086428683568,0.12145862253349718,5,17639,240108
Full path,Time decay,Facebook,5248.403781305345,0.2975454266854892,1,17639,240108
Full path,Time decay,Paid Search,4616.1339372396205,0.2617004329746369,2,17639,240108
Full path,Time decay,Online Video,3380.388539101575,0.191642867458562,3,17639,240108
Full path,Time decay,Instagram,2262.7009691840794,0.12827830201168317,4,17639,240108
Full path,Time decay,Online Display,2131.3727731693834,0.12083297086962885,5,17639,240108
Full path,Markov,Facebook,5253.525194121571,0.29783577266974154,1,17639,240108
Full path,Markov,Paid Search,4332.937999326946,0.2456453313298342,2,17639,240108
Full path,Markov,Instagram,3022.8824604974584,0.17137493398137413,3,17639,240108
Full path,Markov,Online Video,2911.4204517307426,0.1650558677776939,4,17639,240108
Full path,Markov,Online Display,2118.233894323283,0.12008809424135626,5,17639,240108
7-day lookback,First touch,Facebook,5246.0,0.29740915017858155,1,17639,240108
7-day lookback,First touch,Paid Search,4565.0,0.258801519360508,2,17639,240108
7-day lookback,First touch,Online Video,3356.0,0.1902602188332672,3,17639,240108
7-day lookback,First touch,Instagram,2292.0,0.12993933896479393,4,17639,240108
7-day lookback,First touch,Online Display,2180.0,0.12358977266284937,5,17639,240108
7-day lookback,Last touch,Facebook,5301.0,0.30052724077328646,1,17639,240108
7-day lookback,Last touch,Paid Search,4547.0,0.25778105334769547,2,17639,240108
7-day lookback,Last touch,Online Video,3408.0,0.19320823175917,3,17639,240108
7-day lookback,Last touch,Instagram,2244.0,0.12721809626396055,4,17639,240108
7-day lookback,Last touch,Online Display,2139.0,0.12126537785588752,5,17639,240108
7-day lookback,Linear,Facebook,5270.569368841211,0.2988020505040655,1,17639,240108
7-day lookback,Linear,Paid Search,4562.292366927865,0.2586480167202146,2,17639,240108
7-day lookback,Linear,Online Video,3388.356227747998,0.19209457609547018,3,17639,240108
7-day lookback,Linear,Instagram,2267.1639947450476,0.12853132233942102,4,17639,240108
7-day lookback,Linear,Online Display,2150.6180417377423,0.12192403434082104,5,17639,240108
7-day lookback,Position based,Facebook,5269.592212795522,0.2987466530299632,1,17639,240108
7-day lookback,Position based,Paid Search,4560.144189718306,0.25852623106288936,2,17639,240108
7-day lookback,Position based,Online Video,3383.2164990312035,0.1918031917359943,3,17639,240108
7-day lookback,Position based,Instagram,2268.4618488115148,0.12860490100411104,4,17639,240108
7-day lookback,Position based,Online Display,2157.585249643416,0.12231902316703985,5,17639,240108
7-day lookback,Time decay,Facebook,5275.41501559535,0.2990767626053263,1,17639,240108
7-day lookback,Time decay,Paid Search,4557.711545004835,0.25838831821559244,2,17639,240108
7-day lookback,Time decay,Online Video,3393.850007806222,0.19240603253054153,3,17639,240108
7-day lookback,Time decay,Instagram,2265.5637217362078,0.12844059877182423,4,17639,240108
7-day lookback,Time decay,Online Display,2146.459709857378,0.12168828787671512,5,17639,240108
7-day lookback,Markov,Facebook,5357.969846599667,0.30375700700718106,1,17639,240108
7-day lookback,Markov,Paid Search,4295.700278334667,0.24353422973721112,2,17639,240108
7-day lookback,Markov,Online Video,3119.6373419660677,0.17686021554317521,3,17639,240108
7-day lookback,Markov,Instagram,2775.8269855158296,0.1573687275648183,4,17639,240108
7-day lookback,Markov,Online Display,2089.865547583771,0.11847982014761442,5,17639,240108
14-day lookback,First touch,Facebook,5220.0,0.2959351437156301,1,17639,240108
14-day lookback,First touch,Paid Search,4677.0,0.26515108566245255,2,17639,240108
14-day lookback,First touch,Online Video,3292.0,0.186631895232156,3,17639,240108
14-day lookback,First touch,Instagram,2297.0,0.13022280174613074,4,17639,240108
14-day lookback,First touch,Online Display,2153.0,0.1220590736436306,5,17639,240108
14-day lookback,Last touch,Facebook,5301.0,0.30052724077328646,1,17639,240108
14-day lookback,Last touch,Paid Search,4547.0,0.25778105334769547,2,17639,240108
14-day lookback,Last touch,Online Video,3408.0,0.19320823175917,3,17639,240108
14-day lookback,Last touch,Instagram,2244.0,0.12721809626396055,4,17639,240108
14-day lookback,Last touch,Online Display,2139.0,0.12126537785588752,5,17639,240108
14-day lookback,Linear,Facebook,5249.846557332192,0.2976272213465725,1,17639,240108
14-day lookback,Linear,Paid Search,4623.12474103427,0.2620967595121192,2,17639,240108
14-day lookback,Linear,Online Video,3371.6843524717688,0.19114940486829007,3,17639,240108
14-day lookback,Linear,Instagram,2258.7220156751478,0.12805272496599285,4,17639,240108
14-day lookback,Linear,Online Display,2135.622333486418,0.12107388930701389,5,17639,240108
14-day lookback,Position based,Facebook,5255.059919567454,0.2979227801784372,1,17639,240108
14-day lookback,Position based,Paid Search,4618.095206069861,0.26181162231815075,2,17639,240108
14-day lookback,Position based,Online Video,3357.136334334536,0.19032464053146642,3,17639,240108
14-day lookback,Position based,Instagram,2265.70498929676,0.1284486075909496,4,17639,240108
14-day lookback,Position based,Online Display,2143.0035507312255,0.12149234938098676,5,17639,240108
14-day lookback,Time decay,Facebook,5260.995692993982,0.29825929434741094,1,17639,240108
14-day lookback,Time decay,Paid Search,4594.043177702966,0.26044805134661636,2,17639,240108
14-day lookback,Time decay,Online Video,3387.4168894318013,0.19204132260512508,3,17639,240108
14-day lookback,Time decay,Instagram,2259.698679630894,0.12810809454225827,4,17639,240108
14-day lookback,Time decay,Online Display,2136.845560240343,0.12114323715858852,5,17639,240108
14-day lookback,Markov,Facebook,5297.082953785476,0.3003051734103677,1,17639,240108
14-day lookback,Markov,Paid Search,4307.983940355645,0.2442306219375047,2,17639,240108
14-day lookback,Markov,Online Video,3018.099238520954,0.17110376090033186,3,17639,240108
14-day lookback,Markov,Instagram,2909.708805576518,0.1649588301817857,4,17639,240108
14-day lookback,Markov,Online Display,2106.125061761407,0.11940161357001003,5,17639,240108
30-day lookback,First touch,Facebook,5177.0,0.29349736379613356,1,17639,240108
30-day lookback,First touch,Paid Search,4757.0,0.2696864901638415,2,17639,240108
30-day lookback,First touch,Online Video,3216.0,0.1823232609558365,3,17639,240108
30-day lookback,First touch,Instagram,2329.0,0.13203696354668631,4,17639,240108
30-day lookback,First touch,Online Display,2160.0,0.12245592153750212,5,17639,240108
30-day lookback,Last touch,Facebook,5301.0,0.30052724077328646,1,17639,240108
30-day lookback,Last touch,Paid Search,4547.0,0.25778105334769547,2,17639,240108
30-day lookback,Last touch,Online Video,3408.0,0.19320823175917,3,17639,240108
30-day lookback,Last touch,Instagram,2244.0,0.12721809626396055,4,17639,240108
30-day lookback,Last touch,Online Display,2139.0,0.12126537785588752,5,17639,240108
30-day lookback,Linear,Facebook,5217.846316411669,0.2958130458876166,1,17639,240108
30-day lookback,Linear,Paid Search,4680.051339203097,0.2653240738819149,2,17639,240108
30-day lookback,Linear,Online Video,3347.372299167139,0.18977109241834225,3,17639,240108
30-day lookback,Linear,Instagram,2268.0106395141192,0.1285793207956301,4,17639,240108
30-day lookback,Linear,Online Display,2125.7194057037345,0.12051246701648248,5,17639,240108
30-day lookback,Position based,Facebook,5227.640141192017,0.2963682828500491,1,17639,240108
30-day lookback,Position based,Paid Search,4663.87104644558,0.26440677172433696,2,17639,240108
30-day lookback,Position based,Online Video,3323.1588394010455,0.1883983694881255,3,17639,240108
30-day lookback,Position based,Instagram,2281.921330092854,0.12936795340398288,4,17639,240108
30-day lookback,Position based,Online Display,2142.4086428683568,0.12145862253349718,5,17639,240108
30-day lookback,Time decay,Facebook,5248.403781305345,0.2975454266854892,1,17639,240108
30-day lookback,Time decay,Paid Search,4616.1339372396205,0.2617004329746369,2,17639,240108
30-day lookback,Time decay,Online Video,3380.388539101575,0.191642867458562,3,17639,240108
30-day lookback,Time decay,Instagram,2262.7009691840794,0.12827830201168317,4,17639,240108
30-day lookback,Time decay,Online Display,2131.3727731693834,0.12083297086962885,5,17639,240108
30-day lookback,Markov,Facebook,5253.525194121571,0.29783577266974154,1,17639,240108
30-day lookback,Markov,Paid Search,4332.937999326946,0.2456453313298342,2,17639,240108
30-day lookback,Markov,Instagram,3022.8824604974584,0.17137493398137413,3,17639,240108
30-day lookback,Markov,Online Video,2911.4204517307426,0.1650558677776939,4,17639,240108
30-day lookback,Markov,Online Display,2118.233894323283,0.12008809424135626,5,17639,240108
Duplicates retained,First touch,Facebook,5177.0,0.29349736379613356,1,17639,240108
Duplicates retained,First touch,Paid Search,4757.0,0.2696864901638415,2,17639,240108
Duplicates retained,First touch,Online Video,3216.0,0.1823232609558365,3,17639,240108
Duplicates retained,First touch,Instagram,2329.0,0.13203696354668631,4,17639,240108
Duplicates retained,First touch,Online Display,2160.0,0.12245592153750212,5,17639,240108
Duplicates retained,Last touch,Facebook,5301.0,0.30052724077328646,1,17639,240108
Duplicates retained,Last touch,Paid Search,4547.0,0.25778105334769547,2,17639,240108
Duplicates retained,Last touch,Online Video,3408.0,0.19320823175917,3,17639,240108
Duplicates retained,Last touch,Instagram,2244.0,0.12721809626396055,4,17639,240108
Duplicates retained,Last touch,Online Display,2139.0,0.12126537785588752,5,17639,240108
Duplicates retained,Linear,Facebook,5218.9033707853705,0.2958729730021753,1,17639,240108
Duplicates retained,Linear,Paid Search,4681.198649801568,0.26538911785257485,2,17639,240108
Duplicates retained,Linear,Online Video,3349.4033706324135,0.18988623905167037,3,17639,240108
Duplicates retained,Linear,Instagram,2265.1793530136483,0.12841880792639312,4,17639,240108
Duplicates retained,Linear,Online Display,2124.3152557667668,0.12043286216717312,5,17639,240108
Duplicates retained,Position based,Facebook,5228.181466777647,0.29639897198127146,1,17639,240108
Duplicates retained,Position based,Paid Search,4664.284454667937,0.26443020889324437,2,17639,240108
Duplicates retained,Position based,Online Video,3323.591898721271,0.18842292072800446,3,17639,240108
Duplicates retained,Position based,Instagram,2281.0282600179366,0.12931732297850992,4,17639,240108
Duplicates retained,Position based,Online Display,2141.9139198150265,0.12143057541895949,5,17639,240108
Duplicates retained,Time decay,Facebook,5249.230750848486,0.29759230970284517,1,17639,240108
Duplicates retained,Time decay,Paid Search,4617.303470723301,0.26176673681746704,2,17639,240108
Duplicates retained,Time decay,Online Video,3382.2708488530616,0.19174958041006074,3,17639,240108
Duplicates retained,Time decay,Instagram,2260.097174974626,0.1281306862619551,4,17639,240108
Duplicates retained,Time decay,Online Display,2130.0977546005297,0.12076068680767219,5,17639,240108
Duplicates retained,Markov,Facebook,5253.514914507894,0.29783518989216473,1,17639,240108
Duplicates retained,Markov,Paid Search,4332.8140542933015,0.2456383045690403,2,17639,240108
Duplicates retained,Markov,Instagram,3023.1121949450912,0.1713879582144731,3,17639,240108
Duplicates retained,Markov,Online Video,2911.3854865389576,0.16505388551159123,4,17639,240108
Duplicates retained,Markov,Online Display,2118.173349714758,0.12008466181273077,5,17639,240108
Ambiguous timestamps excluded,First touch,Facebook,5102.0,0.2912266681888236,1,17519,239551
Ambiguous timestamps excluded,First touch,Paid Search,4753.0,0.2713054398082082,2,17519,239551
Ambiguous timestamps excluded,First touch,Online Video,3210.0,0.18322963639477138,3,17519,239551
Ambiguous timestamps excluded,First touch,Instagram,2295.0,0.13100062788971972,4,17519,239551
Ambiguous timestamps excluded,First touch,Online Display,2159.0,0.12323762771847709,5,17519,239551
Ambiguous timestamps excluded,Last touch,Facebook,5229.0,0.2984759404075575,1,17519,239551
Ambiguous timestamps excluded,Last touch,Paid Search,4541.0,0.25920429248244764,2,17519,239551
Ambiguous timestamps excluded,Last touch,Online Video,3405.0,0.19436040869912666,3,17519,239551
Ambiguous timestamps excluded,Last touch,Instagram,2207.0,0.12597751013185685,4,17519,239551
Ambiguous timestamps excluded,Last touch,Online Display,2137.0,0.12198184827901136,5,17519,239551
Ambiguous timestamps excluded,Linear,Facebook,5147.361810593532,0.2938159604197461,1,17519,239551
Ambiguous timestamps excluded,Linear,Paid Search,4676.067908068206,0.2669140880226158,2,17519,239551
Ambiguous timestamps excluded,Linear,Online Video,3343.956301871377,0.19087598047099588,3,17519,239551
Ambiguous timestamps excluded,Linear,Instagram,2227.05823112589,0.12712245168821792,4,17519,239551
Ambiguous timestamps excluded,Linear,Online Display,2124.555748340779,0.12127151939841194,5,17519,239551
Ambiguous timestamps excluded,Position based,Facebook,5155.20996607871,0.294263940069565,1,17519,239551
Ambiguous timestamps excluded,Position based,Paid Search,4659.1273536157705,0.26594710620559225,2,17519,239551
Ambiguous timestamps excluded,Position based,Online Video,3318.8958154359057,0.18944550576151067,3,17519,239551
Ambiguous timestamps excluded,Position based,Instagram,2244.7888110231856,0.1281345288557101,4,17519,239551
Ambiguous timestamps excluded,Position based,Online Display,2140.978053846268,0.12220891910761275,5,17519,239551
Ambiguous timestamps excluded,Time decay,Facebook,5177.860680240128,0.2955568628483434,1,17519,239551
Ambiguous timestamps excluded,Time decay,Paid Search,4612.325704467942,0.26327562671773175,2,17519,239551
Ambiguous timestamps excluded,Time decay,Online Video,3377.01886831868,0.192763220978291,3,17519,239551
Ambiguous timestamps excluded,Time decay,Instagram,2221.568844207463,0.12680911263242553,4,17519,239551
Ambiguous timestamps excluded,Time decay,Online Display,2130.2259027657774,0.12159517682320779,5,17519,239551
Ambiguous timestamps excluded,Markov,Facebook,5187.314404130957,0.2960964897614565,1,17519,239551
Ambiguous timestamps excluded,Markov,Paid Search,4338.695512029893,0.24765657355042484,2,17519,239551
Ambiguous timestamps excluded,Markov,Instagram,2956.171407081388,0.1687408760249665,3,17519,239551
Ambiguous timestamps excluded,Markov,Online Video,2916.4157819275893,0.1664715898126371,4,17519,239551
Ambiguous timestamps excluded,Markov,Online Display,2120.4028948301725,0.12103447085051501,5,17519,239551
Impressions only,First touch,Facebook,3123.0,0.30551751125024457,1,10222,232691
Impressions only,First touch,Paid Search,2381.0,0.23292897671688514,2,10222,232691
Impressions only,First touch,Online Video,2189.0,0.21414595969477598,3,10222,232691
Impressions only,First touch,Instagram,1424.0,0.1393073762473097,4,10222,232691
Impressions only,First touch,Online Display,1105.0,0.10810017609078458,5,10222,232691
Impressions only,Last touch,Facebook,3148.0,0.30796321659166503,1,10222,232691
Impressions only,Last touch,Online Video,2338.0,0.22872236352964195,2,10222,232691
Impressions only,Last touch,Paid Search,2290.0,0.22402660927411466,3,10222,232691
Impressions only,Last touch,Instagram,1389.0,0.13588338876932107,4,10222,232691
Impressions only,Last touch,Online Display,1057.0,0.10340442183525729,5,10222,232691
Impressions only,Linear,Facebook,3131.5308026424204,0.3063520644338114,1,10222,232691
Impressions only,Linear,Paid Search,2350.948410079773,0.2299890833574421,2,10222,232691
Impressions only,Linear,Online Video,2290.5190709861963,0.22407738906145533,3,10222,232691
Impressions only,Linear,Instagram,1383.9897647187777,0.13539324640175873,4,10222,232691
Impressions only,Linear,Online Display,1065.0119515726562,0.10418821674551519,5,10222,232691
Impressions only,Position based,Facebook,3135.6550917222576,0.30675553626709623,1,10222,232691
Impressions only,Position based,Paid Search,2340.047738810445,0.22892269015950353,2,10222,232691
Impressions only,Position based,Online Video,2270.5269748793385,0.222121598012066,3,10222,232691
Impressions only,Position based,Instagram,1398.3043749503645,0.13679361914990848,4,10222,232691
Impressions only,Position based,Online Display,1077.465819637657,0.10540655641143191,5,10222,232691
Impressions only,Time decay,Facebook,3143.090862214701,0.307482964411534,1,10222,232691
Impressions only,Time decay,Paid Search,2324.421203021221,0.2273939740775994,2,10222,232691
Impressions only,Time decay,Online Video,2317.3306879177157,0.22670032165111678,3,10222,232691
Impressions only,Time decay,Instagram,1378.4406426985977,0.1348503857071608,4,10222,232691
Impressions only,Time decay,Online Display,1058.7166041477813,0.10357235415259061,5,10222,232691
Impressions only,Markov,Facebook,3108.8687856168644,0.3041350797903409,1,10222,232691
Impressions only,Markov,Paid Search,2271.9325467028807,0.22225910259272946,2,10222,232691
Impressions only,Markov,Online Video,1931.6092623890968,0.1889658836224904,3,10222,232691
Impressions only,Markov,Instagram,1818.0458670097703,0.17785617951572788,4,10222,232691
Impressions only,Markov,Online Display,1091.5435382813873,0.10678375447871134,5,10222,232691
First seen July 8 onward,First touch,Paid Search,2754.0,0.28394679863903494,1,9699,164534
First seen July 8 onward,First touch,Facebook,2698.0,0.2781730075265491,2,9699,164534
First seen July 8 onward,First touch,Online Video,1812.0,0.18682338385400557,3,9699,164534
First seen July 8 onward,First touch,Online Display,1252.0,0.12908547272914733,4,9699,164534
First seen July 8 onward,First touch,Instagram,1183.0,0.12197133725126302,5,9699,164534
First seen July 8 onward,Last touch,Facebook,2769.0,0.2854933498298794,1,9699,164534
First seen July 8 onward,Last touch,Paid Search,2628.0,0.27095576863594184,2,9699,164534
First seen July 8 onward,Last touch,Online Video,1855.0,0.1912568306010929,3,9699,164534
First seen July 8 onward,Last touch,Online Display,1281.0,0.1320754716981132,4,9699,164534
First seen July 8 onward,Last touch,Instagram,1166.0,0.12021857923497267,5,9699,164534
First seen July 8 onward,Linear,Facebook,2724.1873957633597,0.2808730174000783,1,9699,164534
First seen July 8 onward,Linear,Paid Search,2692.300486226862,0.2775853682056771,2,9699,164534
First seen July 8 onward,Linear,Online Video,1847.5740162640805,0.19049118633509438,3,9699,164534
First seen July 8 onward,Linear,Online Display,1267.1473669304592,0.1306472179534446,4,9699,164534
First seen July 8 onward,Linear,Instagram,1167.790734815231,0.12040321010570482,5,9699,164534
First seen July 8 onward,Position based,Facebook,2728.606966592426,0.2813286902353259,1,9699,164534
First seen July 8 onward,Position based,Paid Search,2692.5740005955918,0.2776135684705219,2,9699,164534
First seen July 8 onward,Position based,Online Video,1838.2353515007337,0.18952833812771766,3,9699,164534
First seen July 8 onward,Position based,Online Display,1268.1782695082688,0.13075350752740167,4,9699,164534
First seen July 8 onward,Position based,Instagram,1171.4054118030679,0.12077589563904195,5,9699,164534
First seen July 8 onward,Time decay,Facebook,2736.688742673966,0.28216194893019547,1,9699,164534
First seen July 8 onward,Time decay,Paid Search,2665.453643600851,0.2748173671100991,2,9699,164534
First seen July 8 onward,Time decay,Online Video,1853.0704739358994,0.19105788987894623,3,9699,164534
First seen July 8 onward,Time decay,Online Display,1271.5316887662382,0.1310992564971892,4,9699,164534
First seen July 8 onward,Time decay,Instagram,1172.255451023042,0.12086353758356964,5,9699,164534
First seen July 8 onward,Markov,Facebook,2773.4076734316805,0.28594779600285397,1,9699,164534
First seen July 8 onward,Markov,Paid Search,2531.538348299605,0.2610102431487375,2,9699,164534
First seen July 8 onward,Markov,Online Video,1685.3384475493183,0.17376414553555194,3,9699,164534
First seen July 8 onward,Markov,Instagram,1461.8071752788812,0.15071730851416448,4,9699,164534
First seen July 8 onward,Markov,Online Display,1246.9083554405147,0.1285605067986921,5,9699,164534
