"segment","theme_id","count","n","share","lower","upper"
"All","pause_control",18,152,0.118421052631579,0.0762338099605898,0.17941997512451
"All","food_quality",4,152,0.0263157894736842,0.0102802358647641,0.0657037732063939
"All","value",44,152,0.289473684210526,0.22327077698445,0.366055449269398
"All","affordability",49,152,0.322368421052632,0.253236154796286,0.400257848605398
"All","delivery_flexibility",18,152,0.118421052631579,0.0762338099605898,0.17941997512451
"All","billing_clarity",16,152,0.105263157894737,0.0658378388639272,0.164148835362038
"All","portion_size",26,152,0.171052631578947,0.119487583365327,0.23883464515631
"All","packaging",7,152,0.0460526315789474,0.0224843353940877,0.0920003399657721
"All","support",5,152,0.0328947368421053,0.0141309212055388,0.0746866432951865
"All","delivery_reliability",4,152,0.0263157894736842,0.0102802358647641,0.0657037732063939
"Regular schedule","pause_control",5,86,0.0581395348837209,0.0250869356210797,0.128978448026786
"Regular schedule","food_quality",4,86,0.0465116279069767,0.0182339682383208,0.11356997813712
"Regular schedule","value",30,86,0.348837209302326,0.256536835480099,0.454064479978382
"Regular schedule","affordability",29,86,0.337209302325581,0.246165485775778,0.442174392410278
"Regular schedule","delivery_flexibility",2,86,0.0232558139534884,0.00640092620427086,0.0808801456263205
"Regular schedule","billing_clarity",9,86,0.104651162790698,0.0560408971453631,0.187070235592201
"Regular schedule","portion_size",20,86,0.232558139534884,0.155891089360157,0.332095853374077
"Regular schedule","packaging",6,86,0.0697674418604651,0.0323654145099214,0.143961406410368
"Regular schedule","support",1,86,0.0116279069767442,0.00205556866524956,0.0629640658929172
"Regular schedule","delivery_reliability",0,86,0,3.46944695195361e-18,0.0427581972857422
"Changing schedule","pause_control",13,66,0.196969696969697,0.118886397036109,0.308387879941795
"Changing schedule","food_quality",0,66,0,3.46944695195361e-18,0.0550025570135413
"Changing schedule","value",14,66,0.212121212121212,0.130779851079238,0.325130712049771
"Changing schedule","affordability",20,66,0.303030303030303,0.205540210580195,0.422188069455443
"Changing schedule","delivery_flexibility",16,66,0.242424242424242,0.15509184941772,0.358091286013498
"Changing schedule","billing_clarity",7,66,0.106060606060606,0.0523334725547949,0.20312308751648
"Changing schedule","portion_size",6,66,0.0909090909090909,0.0423329750705114,0.184487298849659
"Changing schedule","packaging",1,66,0.0151515151515152,0.00267964054398211,0.080959202620664
"Changing schedule","support",4,66,0.0606060606060606,0.0238186148323183,0.145729086785642
"Changing schedule","delivery_reliability",4,66,0.0606060606060606,0.0238186148323183,0.145729086785642
