customer_id,schedule,tenure
C0001,Changing schedule,New
C0002,Regular schedule,New
C0003,Regular schedule,Established
C0004,Changing schedule,Established
C0005,Regular schedule,Established
C0006,Regular schedule,Established
C0007,Regular schedule,Established
C0008,Regular schedule,Established
C0009,Changing schedule,Established
C0010,Changing schedule,New
C0011,Regular schedule,Established
C0012,Regular schedule,Established
C0013,Regular schedule,Established
C0014,Regular schedule,Established
C0015,Regular schedule,New
C0016,Regular schedule,Established
C0017,Regular schedule,Established
C0018,Regular schedule,New
C0019,Regular schedule,Established
C0020,Regular schedule,Established
C0021,Changing schedule,New
C0022,Regular schedule,New
C0023,Regular schedule,New
C0024,Changing schedule,Established
C0025,Regular schedule,Established
C0026,Changing schedule,New
C0027,Regular schedule,Established
C0028,Regular schedule,Established
C0029,Regular schedule,Established
C0030,Regular schedule,New
C0031,Changing schedule,Established
C0032,Regular schedule,Established
C0033,Regular schedule,Established
C0034,Regular schedule,Established
C0035,Changing schedule,Established
C0036,Changing schedule,Established
C0037,Regular schedule,Established
C0038,Regular schedule,New
C0039,Regular schedule,New
C0040,Changing schedule,Established
C0041,Regular schedule,Established
C0042,Changing schedule,Established
C0043,Changing schedule,Established
C0044,Regular schedule,Established
C0045,Changing schedule,New
C0046,Regular schedule,Established
C0047,Regular schedule,Established
C0048,Regular schedule,Established
C0049,Regular schedule,New
C0050,Regular schedule,Established
C0051,Changing schedule,Established
C0052,Changing schedule,New
C0053,Regular schedule,Established
C0054,Changing schedule,Established
C0055,Regular schedule,Established
C0056,Changing schedule,New
C0057,Regular schedule,Established
C0058,Changing schedule,New
C0059,Regular schedule,New
C0060,Changing schedule,New
C0061,Regular schedule,Established
C0062,Changing schedule,New
C0063,Regular schedule,Established
C0064,Regular schedule,Established
C0065,Regular schedule,Established
C0066,Regular schedule,Established
C0067,Changing schedule,Established
C0068,Regular schedule,New
C0069,Changing schedule,Established
C0070,Changing schedule,Established
C0071,Changing schedule,Established
C0072,Regular schedule,Established
C0073,Regular schedule,New
C0074,Regular schedule,New
C0075,Regular schedule,Established
C0076,Changing schedule,Established
C0077,Changing schedule,Established
C0078,Regular schedule,New
C0079,Regular schedule,Established
C0080,Regular schedule,New
C0081,Regular schedule,New
C0082,Regular schedule,Established
C0083,Changing schedule,Established
C0084,Changing schedule,Established
C0085,Regular schedule,Established
C0086,Regular schedule,Established
C0087,Changing schedule,New
C0088,Regular schedule,Established
C0089,Changing schedule,Established
C0090,Regular schedule,Established
C0091,Changing schedule,Established
C0092,Changing schedule,New
C0093,Regular schedule,New
C0094,Regular schedule,New
C0095,Regular schedule,New
C0096,Regular schedule,Established
C0097,Regular schedule,New
C0098,Regular schedule,New
C0099,Regular schedule,New
C0100,Changing schedule,Established
C0101,Regular schedule,New
C0102,Regular schedule,New
C0103,Regular schedule,Established
C0104,Regular schedule,Established
C0105,Regular schedule,Established
C0106,Regular schedule,Established
C0107,Changing schedule,New
C0108,Regular schedule,Established
C0109,Changing schedule,Established
C0110,Changing schedule,New
C0111,Regular schedule,Established
C0112,Changing schedule,Established
C0113,Regular schedule,Established
C0114,Regular schedule,Established
C0115,Regular schedule,New
C0116,Changing schedule,New
C0117,Changing schedule,New
C0118,Changing schedule,Established
C0119,Regular schedule,Established
C0120,Changing schedule,Established
C0121,Changing schedule,New
C0122,Changing schedule,Established
C0123,Changing schedule,Established
C0124,Regular schedule,Established
C0125,Regular schedule,Established
C0126,Regular schedule,New
C0127,Regular schedule,Established
C0128,Regular schedule,Established
C0129,Regular schedule,Established
C0130,Regular schedule,New
C0131,Changing schedule,Established
C0132,Changing schedule,Established
C0133,Changing schedule,New
C0134,Changing schedule,Established
C0135,Regular schedule,Established
C0136,Regular schedule,Established
C0137,Regular schedule,Established
C0138,Regular schedule,Established
C0139,Regular schedule,Established
C0140,Regular schedule,Established
C0141,Changing schedule,Established
C0142,Changing schedule,Established
C0143,Regular schedule,Established
C0144,Changing schedule,Established
C0145,Regular schedule,Established
C0146,Regular schedule,Established
C0147,Regular schedule,Established
C0148,Regular schedule,Established
C0149,Changing schedule,Established
C0150,Regular schedule,Established
C0151,Regular schedule,Established
C0152,Regular schedule,Established
C0153,Regular schedule,Established
C0154,Regular schedule,Established
C0155,Regular schedule,Established
C0156,Changing schedule,Established
C0157,Changing schedule,Established
C0158,Changing schedule,New
C0159,Regular schedule,Established
C0160,Changing schedule,Established
C0161,Regular schedule,Established
C0162,Regular schedule,Established
C0163,Changing schedule,Established
C0164,Regular schedule,New
C0165,Changing schedule,New
C0166,Regular schedule,Established
C0167,Regular schedule,New
C0168,Changing schedule,Established
C0169,Changing schedule,New
C0170,Regular schedule,New
C0171,Regular schedule,Established
C0172,Changing schedule,New
C0173,Regular schedule,Established
C0174,Changing schedule,New
C0175,Changing schedule,Established
C0176,Regular schedule,Established
C0177,Regular schedule,Established
C0178,Regular schedule,Established
C0179,Changing schedule,New
C0180,Changing schedule,New
C0181,Changing schedule,New
C0182,Regular schedule,Established
C0183,Changing schedule,New
C0184,Changing schedule,Established
C0185,Regular schedule,New
C0186,Regular schedule,Established
C0187,Changing schedule,Established
C0188,Regular schedule,New
C0189,Changing schedule,Established
C0190,Regular schedule,Established
C0191,Regular schedule,Established
C0192,Regular schedule,Established
C0193,Regular schedule,Established
C0194,Changing schedule,Established
C0195,Regular schedule,Established
C0196,Regular schedule,New
C0197,Regular schedule,New
C0198,Regular schedule,New
C0199,Changing schedule,Established
C0200,Regular schedule,Established
C0201,Regular schedule,New
C0202,Regular schedule,New
C0203,Changing schedule,New
C0204,Regular schedule,Established
C0205,Regular schedule,New
C0206,Regular schedule,Established
C0207,Changing schedule,Established
C0208,Regular schedule,Established
C0209,Regular schedule,New
C0210,Changing schedule,New
C0211,Regular schedule,Established
C0212,Regular schedule,New
C0213,Regular schedule,Established
C0214,Regular schedule,Established
C0215,Changing schedule,Established
C0216,Regular schedule,New
C0217,Regular schedule,Established
C0218,Changing schedule,Established
C0219,Regular schedule,Established
C0220,Changing schedule,New
C0221,Changing schedule,New
C0222,Regular schedule,New
C0223,Changing schedule,Established
C0224,Regular schedule,Established
C0225,Changing schedule,Established
C0226,Changing schedule,New
C0227,Regular schedule,Established
C0228,Changing schedule,Established
C0229,Regular schedule,Established
C0230,Changing schedule,Established
C0231,Regular schedule,Established
C0232,Regular schedule,Established
C0233,Regular schedule,Established
C0234,Regular schedule,Established
C0235,Changing schedule,New
C0236,Regular schedule,Established
C0237,Regular schedule,Established
C0238,Regular schedule,New
C0239,Changing schedule,New
C0240,Regular schedule,Established
C0241,Changing schedule,Established
C0242,Changing schedule,Established
C0243,Regular schedule,New
C0244,Changing schedule,Established
C0245,Changing schedule,Established
C0246,Regular schedule,Established
C0247,Regular schedule,Established
C0248,Changing schedule,Established
C0249,Regular schedule,Established
C0250,Changing schedule,Established
C0251,Changing schedule,New
C0252,Changing schedule,Established
C0253,Changing schedule,Established
C0254,Regular schedule,Established
C0255,Changing schedule,New
C0256,Changing schedule,Established
C0257,Changing schedule,Established
C0258,Changing schedule,New
C0259,Changing schedule,Established
C0260,Regular schedule,New
C0261,Changing schedule,Established
C0262,Changing schedule,Established
C0263,Regular schedule,Established
C0264,Changing schedule,New
C0265,Regular schedule,New
C0266,Regular schedule,Established
C0267,Changing schedule,Established
C0268,Changing schedule,Established
C0269,Changing schedule,Established
C0270,Regular schedule,Established
C0271,Changing schedule,Established
C0272,Regular schedule,New
C0273,Regular schedule,Established
C0274,Regular schedule,New
C0275,Changing schedule,Established
C0276,Regular schedule,Established
C0277,Regular schedule,Established
C0278,Regular schedule,Established
C0279,Changing schedule,Established
C0280,Changing schedule,New
C0281,Changing schedule,New
C0282,Regular schedule,Established
C0283,Changing schedule,Established
C0284,Changing schedule,New
C0285,Changing schedule,Established
C0286,Changing schedule,Established
C0287,Regular schedule,Established
C0288,Changing schedule,Established
C0289,Regular schedule,New
C0290,Regular schedule,Established
C0291,Regular schedule,New
C0292,Changing schedule,New
C0293,Regular schedule,New
C0294,Changing schedule,Established
C0295,Regular schedule,Established
C0296,Regular schedule,New
C0297,Changing schedule,New
C0298,Regular schedule,New
C0299,Changing schedule,Established
C0300,Regular schedule,Established
C0301,Changing schedule,New
C0302,Regular schedule,Established
C0303,Changing schedule,Established
C0304,Regular schedule,Established
C0305,Regular schedule,Established
C0306,Changing schedule,Established
C0307,Regular schedule,New
C0308,Changing schedule,New
C0309,Regular schedule,New
C0310,Changing schedule,Established
C0311,Changing schedule,New
C0312,Regular schedule,Established
C0313,Regular schedule,Established
C0314,Changing schedule,New
C0315,Regular schedule,Established
C0316,Changing schedule,Established
C0317,Regular schedule,Established
C0318,Changing schedule,New
C0319,Changing schedule,Established
C0320,Changing schedule,New
C0321,Changing schedule,New
C0322,Regular schedule,New
C0323,Regular schedule,Established
C0324,Regular schedule,Established
C0325,Regular schedule,Established
C0326,Changing schedule,Established
C0327,Regular schedule,Established
C0328,Regular schedule,Established
C0329,Regular schedule,New
C0330,Regular schedule,Established
C0331,Changing schedule,Established
C0332,Changing schedule,Established
C0333,Regular schedule,Established
C0334,Regular schedule,New
C0335,Regular schedule,Established
C0336,Regular schedule,New
C0337,Regular schedule,Established
C0338,Regular schedule,New
C0339,Changing schedule,Established
C0340,Changing schedule,Established
C0341,Regular schedule,Established
C0342,Changing schedule,Established
C0343,Regular schedule,New
C0344,Changing schedule,Established
C0345,Changing schedule,Established
C0346,Regular schedule,Established
C0347,Regular schedule,New
C0348,Regular schedule,Established
C0349,Regular schedule,New
C0350,Regular schedule,Established
C0351,Regular schedule,Established
C0352,Changing schedule,Established
C0353,Changing schedule,Established
C0354,Changing schedule,New
C0355,Changing schedule,Established
C0356,Regular schedule,Established
C0357,Changing schedule,Established
C0358,Regular schedule,Established
C0359,Regular schedule,Established
C0360,Regular schedule,Established
C0361,Regular schedule,New
C0362,Regular schedule,Established
C0363,Regular schedule,Established
C0364,Changing schedule,Established
C0365,Changing schedule,New
C0366,Regular schedule,New
C0367,Changing schedule,Established
C0368,Regular schedule,Established
C0369,Changing schedule,Established
C0370,Regular schedule,Established
C0371,Regular schedule,New
C0372,Changing schedule,Established
C0373,Regular schedule,Established
C0374,Changing schedule,Established
C0375,Changing schedule,New
C0376,Changing schedule,Established
C0377,Changing schedule,New
C0378,Regular schedule,Established
C0379,Regular schedule,Established
C0380,Regular schedule,Established
C0381,Changing schedule,New
C0382,Regular schedule,New
C0383,Regular schedule,Established
C0384,Regular schedule,Established
C0385,Changing schedule,New
C0386,Regular schedule,Established
C0387,Changing schedule,Established
C0388,Regular schedule,New
C0389,Regular schedule,Established
C0390,Regular schedule,Established
C0391,Changing schedule,Established
C0392,Regular schedule,Established
C0393,Changing schedule,Established
C0394,Changing schedule,Established
C0395,Changing schedule,New
C0396,Regular schedule,Established
C0397,Regular schedule,Established
C0398,Changing schedule,Established
C0399,Regular schedule,Established
C0400,Regular schedule,Established
C0401,Regular schedule,Established
C0402,Changing schedule,Established
C0403,Changing schedule,New
C0404,Changing schedule,Established
C0405,Regular schedule,Established
C0406,Changing schedule,Established
C0407,Regular schedule,Established
C0408,Regular schedule,Established
C0409,Changing schedule,Established
C0410,Regular schedule,Established
C0411,Regular schedule,Established
C0412,Regular schedule,Established
C0413,Regular schedule,Established
C0414,Changing schedule,Established
C0415,Changing schedule,Established
C0416,Changing schedule,Established
C0417,Changing schedule,Established
C0418,Regular schedule,New
C0419,Regular schedule,New
C0420,Regular schedule,Established
C0421,Regular schedule,Established
C0422,Regular schedule,Established
C0423,Regular schedule,Established
C0424,Regular schedule,New
C0425,Regular schedule,Established
C0426,Changing schedule,Established
C0427,Changing schedule,Established
C0428,Regular schedule,New
C0429,Changing schedule,New
C0430,Regular schedule,Established
C0431,Regular schedule,Established
C0432,Changing schedule,New
C0433,Changing schedule,New
C0434,Changing schedule,Established
C0435,Regular schedule,New
C0436,Changing schedule,New
C0437,Regular schedule,New
C0438,Changing schedule,Established
C0439,Regular schedule,New
C0440,Regular schedule,Established
C0441,Regular schedule,Established
C0442,Regular schedule,New
C0443,Regular schedule,New
C0444,Changing schedule,Established
C0445,Regular schedule,New
C0446,Changing schedule,Established
C0447,Regular schedule,Established
C0448,Regular schedule,Established
C0449,Regular schedule,New
C0450,Regular schedule,Established
C0451,Changing schedule,Established
C0452,Regular schedule,Established
C0453,Regular schedule,Established
C0454,Regular schedule,New
C0455,Changing schedule,Established
C0456,Changing schedule,Established
C0457,Regular schedule,Established
C0458,Regular schedule,Established
C0459,Regular schedule,New
C0460,Regular schedule,New
C0461,Changing schedule,New
C0462,Changing schedule,Established
C0463,Regular schedule,Established
C0464,Changing schedule,New
C0465,Regular schedule,Established
C0466,Regular schedule,Established
C0467,Changing schedule,New
C0468,Changing schedule,New
C0469,Regular schedule,New
C0470,Regular schedule,Established
C0471,Changing schedule,Established
C0472,Changing schedule,Established
C0473,Changing schedule,New
C0474,Changing schedule,Established
C0475,Regular schedule,Established
C0476,Regular schedule,New
C0477,Changing schedule,Established
C0478,Regular schedule,Established
C0479,Changing schedule,Established
C0480,Changing schedule,Established
C0481,Regular schedule,New
C0482,Regular schedule,Established
C0483,Regular schedule,Established
C0484,Regular schedule,Established
C0485,Regular schedule,New
C0486,Regular schedule,Established
C0487,Regular schedule,Established
C0488,Regular schedule,Established
C0489,Changing schedule,Established
C0490,Changing schedule,New
C0491,Changing schedule,Established
C0492,Regular schedule,Established
C0493,Regular schedule,New
C0494,Changing schedule,New
C0495,Regular schedule,Established
C0496,Regular schedule,New
C0497,Changing schedule,Established
C0498,Regular schedule,New
C0499,Regular schedule,Established
C0500,Regular schedule,New
C0501,Regular schedule,Established
C0502,Changing schedule,New
C0503,Changing schedule,New
C0504,Regular schedule,New
C0505,Changing schedule,Established
C0506,Changing schedule,Established
C0507,Regular schedule,Established
C0508,Changing schedule,New
C0509,Changing schedule,New
C0510,Regular schedule,New
C0511,Regular schedule,Established
C0512,Regular schedule,New
C0513,Changing schedule,New
C0514,Changing schedule,New
C0515,Regular schedule,Established
C0516,Regular schedule,Established
C0517,Changing schedule,Established
C0518,Regular schedule,New
C0519,Regular schedule,Established
C0520,Changing schedule,Established
C0521,Changing schedule,Established
C0522,Regular schedule,Established
C0523,Changing schedule,Established
C0524,Changing schedule,Established
C0525,Regular schedule,Established
C0526,Regular schedule,New
C0527,Changing schedule,Established
C0528,Regular schedule,Established
C0529,Regular schedule,New
C0530,Changing schedule,New
C0531,Changing schedule,New
C0532,Regular schedule,Established
C0533,Changing schedule,New
C0534,Regular schedule,Established
C0535,Changing schedule,New
C0536,Regular schedule,New
C0537,Regular schedule,Established
C0538,Regular schedule,Established
C0539,Regular schedule,Established
C0540,Regular schedule,Established
C0541,Regular schedule,New
C0542,Changing schedule,New
C0543,Changing schedule,Established
C0544,Regular schedule,Established
C0545,Changing schedule,New
C0546,Changing schedule,Established
C0547,Regular schedule,New
C0548,Changing schedule,Established
C0549,Regular schedule,New
C0550,Regular schedule,New
C0551,Changing schedule,Established
C0552,Regular schedule,New
C0553,Changing schedule,Established
C0554,Regular schedule,New
C0555,Regular schedule,New
C0556,Regular schedule,Established
C0557,Changing schedule,New
C0558,Changing schedule,Established
C0559,Regular schedule,Established
C0560,Changing schedule,New
C0561,Regular schedule,Established
C0562,Changing schedule,Established
C0563,Changing schedule,New
C0564,Regular schedule,Established
C0565,Changing schedule,New
C0566,Changing schedule,Established
C0567,Changing schedule,Established
C0568,Regular schedule,New
C0569,Regular schedule,Established
C0570,Regular schedule,Established
C0571,Changing schedule,New
C0572,Regular schedule,Established
C0573,Regular schedule,Established
C0574,Changing schedule,Established
C0575,Regular schedule,Established
C0576,Changing schedule,Established
C0577,Regular schedule,Established
C0578,Regular schedule,Established
C0579,Regular schedule,New
C0580,Regular schedule,Established
C0581,Changing schedule,Established
C0582,Changing schedule,Established
C0583,Changing schedule,Established
C0584,Regular schedule,New
C0585,Changing schedule,Established
C0586,Regular schedule,Established
C0587,Regular schedule,Established
C0588,Regular schedule,Established
C0589,Regular schedule,Established
C0590,Regular schedule,Established
C0591,Changing schedule,New
C0592,Changing schedule,New
C0593,Regular schedule,Established
C0594,Regular schedule,Established
C0595,Changing schedule,Established
C0596,Regular schedule,New
C0597,Regular schedule,Established
C0598,Regular schedule,Established
C0599,Regular schedule,Established
C0600,Regular schedule,Established
C0601,Changing schedule,Established
C0602,Changing schedule,New
C0603,Regular schedule,Established
C0604,Changing schedule,Established
C0605,Regular schedule,New
C0606,Changing schedule,New
C0607,Changing schedule,New
C0608,Regular schedule,Established
C0609,Changing schedule,Established
C0610,Regular schedule,Established
C0611,Regular schedule,New
C0612,Changing schedule,Established
C0613,Changing schedule,Established
C0614,Changing schedule,New
C0615,Regular schedule,New
C0616,Changing schedule,Established
C0617,Changing schedule,New
C0618,Regular schedule,Established
C0619,Regular schedule,Established
C0620,Changing schedule,Established
C0621,Changing schedule,Established
C0622,Regular schedule,New
C0623,Changing schedule,Established
C0624,Changing schedule,Established
C0625,Regular schedule,Established
C0626,Regular schedule,Established
C0627,Regular schedule,Established
C0628,Changing schedule,Established
C0629,Changing schedule,New
C0630,Regular schedule,Established
C0631,Changing schedule,New
C0632,Regular schedule,Established
C0633,Regular schedule,Established
C0634,Changing schedule,Established
C0635,Regular schedule,Established
C0636,Regular schedule,Established
C0637,Changing schedule,Established
C0638,Regular schedule,New
C0639,Regular schedule,Established
C0640,Changing schedule,Established
C0641,Changing schedule,Established
C0642,Changing schedule,New
C0643,Regular schedule,Established
C0644,Changing schedule,New
C0645,Regular schedule,Established
C0646,Changing schedule,Established
C0647,Regular schedule,Established
C0648,Changing schedule,Established
C0649,Regular schedule,Established
C0650,Changing schedule,New
C0651,Regular schedule,Established
C0652,Regular schedule,Established
C0653,Regular schedule,Established
C0654,Regular schedule,Established
C0655,Changing schedule,New
C0656,Changing schedule,Established
C0657,Regular schedule,Established
C0658,Changing schedule,Established
C0659,Regular schedule,Established
C0660,Regular schedule,Established
C0661,Changing schedule,Established
C0662,Changing schedule,Established
C0663,Changing schedule,New
C0664,Changing schedule,Established
C0665,Regular schedule,New
C0666,Regular schedule,Established
C0667,Changing schedule,Established
C0668,Changing schedule,New
C0669,Regular schedule,Established
C0670,Changing schedule,Established
C0671,Changing schedule,New
C0672,Regular schedule,Established
C0673,Changing schedule,Established
C0674,Changing schedule,Established
C0675,Changing schedule,New
C0676,Regular schedule,Established
C0677,Regular schedule,Established
C0678,Regular schedule,New
C0679,Regular schedule,Established
C0680,Changing schedule,New
C0681,Regular schedule,Established
C0682,Changing schedule,Established
C0683,Regular schedule,Established
C0684,Regular schedule,New
C0685,Regular schedule,New
C0686,Changing schedule,Established
C0687,Regular schedule,New
C0688,Regular schedule,Established
C0689,Changing schedule,Established
C0690,Changing schedule,Established
C0691,Regular schedule,New
C0692,Changing schedule,New
C0693,Regular schedule,Established
C0694,Regular schedule,Established
C0695,Regular schedule,Established
C0696,Regular schedule,New
C0697,Regular schedule,Established
C0698,Regular schedule,Established
C0699,Regular schedule,New
C0700,Changing schedule,Established
C0701,Changing schedule,Established
C0702,Changing schedule,Established
C0703,Regular schedule,New
C0704,Regular schedule,Established
C0705,Regular schedule,Established
C0706,Changing schedule,New
C0707,Regular schedule,New
C0708,Regular schedule,Established
C0709,Regular schedule,Established
C0710,Changing schedule,Established
C0711,Regular schedule,Established
C0712,Regular schedule,New
C0713,Changing schedule,New
C0714,Changing schedule,Established
C0715,Regular schedule,Established
C0716,Regular schedule,Established
C0717,Regular schedule,New
C0718,Changing schedule,Established
C0719,Changing schedule,New
C0720,Changing schedule,Established
C0721,Regular schedule,New
C0722,Changing schedule,Established
C0723,Changing schedule,Established
C0724,Regular schedule,New
C0725,Changing schedule,Established
C0726,Changing schedule,Established
C0727,Changing schedule,New
C0728,Regular schedule,Established
C0729,Changing schedule,Established
C0730,Changing schedule,New
C0731,Regular schedule,Established
C0732,Regular schedule,Established
C0733,Regular schedule,New
C0734,Changing schedule,Established
C0735,Regular schedule,Established
C0736,Regular schedule,New
C0737,Changing schedule,Established
C0738,Regular schedule,Established
C0739,Changing schedule,Established
C0740,Changing schedule,New
C0741,Regular schedule,New
C0742,Regular schedule,Established
C0743,Changing schedule,Established
C0744,Regular schedule,New
C0745,Changing schedule,Established
C0746,Regular schedule,Established
C0747,Regular schedule,New
C0748,Changing schedule,Established
C0749,Regular schedule,Established
C0750,Regular schedule,Established
C0751,Regular schedule,New
C0752,Regular schedule,Established
C0753,Regular schedule,Established
C0754,Regular schedule,New
C0755,Changing schedule,New
C0756,Regular schedule,New
C0757,Regular schedule,Established
C0758,Regular schedule,Established
C0759,Regular schedule,Established
C0760,Regular schedule,New
C0761,Regular schedule,New
C0762,Regular schedule,Established
C0763,Regular schedule,Established
C0764,Changing schedule,Established
C0765,Changing schedule,Established
C0766,Changing schedule,Established
C0767,Regular schedule,New
C0768,Regular schedule,Established
C0769,Regular schedule,Established
C0770,Regular schedule,Established
C0771,Regular schedule,New
C0772,Regular schedule,Established
C0773,Regular schedule,New
C0774,Regular schedule,New
C0775,Changing schedule,Established
C0776,Regular schedule,Established
C0777,Regular schedule,Established
C0778,Regular schedule,Established
C0779,Regular schedule,New
C0780,Changing schedule,New
C0781,Regular schedule,Established
C0782,Changing schedule,Established
C0783,Changing schedule,New
C0784,Regular schedule,Established
C0785,Changing schedule,Established
C0786,Regular schedule,Established
C0787,Regular schedule,New
C0788,Regular schedule,New
C0789,Regular schedule,New
C0790,Regular schedule,Established
C0791,Regular schedule,Established
C0792,Regular schedule,New
C0793,Regular schedule,Established
C0794,Regular schedule,Established
C0795,Regular schedule,Established
C0796,Regular schedule,Established
C0797,Regular schedule,Established
C0798,Changing schedule,Established
C0799,Regular schedule,Established
C0800,Changing schedule,New
C0801,Regular schedule,Established
C0802,Changing schedule,Established
C0803,Regular schedule,New
C0804,Changing schedule,New
C0805,Regular schedule,Established
C0806,Regular schedule,Established
C0807,Changing schedule,New
C0808,Changing schedule,Established
C0809,Changing schedule,Established
C0810,Regular schedule,New
C0811,Changing schedule,Established
C0812,Regular schedule,New
C0813,Changing schedule,Established
C0814,Regular schedule,Established
C0815,Regular schedule,New
C0816,Changing schedule,New
C0817,Regular schedule,Established
C0818,Regular schedule,Established
C0819,Regular schedule,New
C0820,Regular schedule,New
C0821,Regular schedule,Established
C0822,Regular schedule,Established
C0823,Changing schedule,Established
C0824,Regular schedule,Established
C0825,Changing schedule,New
C0826,Changing schedule,New
C0827,Regular schedule,Established
C0828,Changing schedule,New
C0829,Changing schedule,Established
C0830,Regular schedule,Established
C0831,Regular schedule,New
C0832,Regular schedule,Established
C0833,Regular schedule,Established
C0834,Regular schedule,Established
C0835,Changing schedule,New
C0836,Regular schedule,New
C0837,Changing schedule,Established
C0838,Regular schedule,Established
C0839,Regular schedule,Established
C0840,Changing schedule,Established
C0841,Regular schedule,Established
C0842,Regular schedule,New
C0843,Regular schedule,New
C0844,Regular schedule,Established
C0845,Regular schedule,Established
C0846,Regular schedule,New
C0847,Changing schedule,New
C0848,Changing schedule,New
C0849,Regular schedule,New
C0850,Regular schedule,New
C0851,Regular schedule,Established
C0852,Regular schedule,Established
C0853,Changing schedule,Established
C0854,Regular schedule,Established
C0855,Regular schedule,Established
C0856,Regular schedule,Established
C0857,Regular schedule,Established
C0858,Regular schedule,Established
C0859,Regular schedule,Established
C0860,Changing schedule,Established
C0861,Changing schedule,Established
C0862,Changing schedule,Established
C0863,Regular schedule,New
C0864,Changing schedule,New
C0865,Changing schedule,Established
C0866,Changing schedule,Established
C0867,Regular schedule,New
C0868,Regular schedule,Established
C0869,Changing schedule,New
C0870,Regular schedule,New
C0871,Regular schedule,New
C0872,Changing schedule,New
C0873,Regular schedule,Established
C0874,Regular schedule,New
C0875,Changing schedule,Established
C0876,Regular schedule,Established
C0877,Changing schedule,Established
C0878,Regular schedule,New
C0879,Regular schedule,Established
C0880,Changing schedule,New
C0881,Changing schedule,Established
C0882,Regular schedule,New
C0883,Changing schedule,New
C0884,Changing schedule,New
C0885,Regular schedule,Established
C0886,Regular schedule,Established
C0887,Changing schedule,Established
C0888,Regular schedule,Established
C0889,Regular schedule,Established
C0890,Regular schedule,Established
C0891,Changing schedule,Established
C0892,Changing schedule,Established
C0893,Changing schedule,Established
C0894,Regular schedule,New
C0895,Regular schedule,Established
C0896,Regular schedule,New
C0897,Regular schedule,Established
C0898,Regular schedule,Established
C0899,Regular schedule,New
C0900,Regular schedule,Established
C0901,Regular schedule,New
C0902,Changing schedule,Established
C0903,Changing schedule,Established
C0904,Regular schedule,New
C0905,Regular schedule,Established
C0906,Regular schedule,Established
C0907,Regular schedule,New
C0908,Regular schedule,Established
C0909,Changing schedule,Established
C0910,Changing schedule,New
C0911,Regular schedule,Established
C0912,Changing schedule,New
C0913,Regular schedule,Established
C0914,Regular schedule,New
C0915,Changing schedule,Established
C0916,Regular schedule,New
C0917,Changing schedule,Established
C0918,Changing schedule,Established
C0919,Changing schedule,New
C0920,Changing schedule,New
C0921,Regular schedule,New
C0922,Regular schedule,Established
C0923,Regular schedule,New
C0924,Regular schedule,Established
C0925,Regular schedule,Established
C0926,Changing schedule,Established
C0927,Regular schedule,New
C0928,Changing schedule,New
C0929,Regular schedule,New
C0930,Regular schedule,New
C0931,Regular schedule,Established
C0932,Regular schedule,Established
C0933,Changing schedule,Established
C0934,Regular schedule,Established
C0935,Changing schedule,Established
C0936,Regular schedule,New
C0937,Regular schedule,New
C0938,Regular schedule,Established
C0939,Regular schedule,New
C0940,Changing schedule,Established
C0941,Regular schedule,Established
C0942,Regular schedule,Established
C0943,Regular schedule,Established
C0944,Regular schedule,New
C0945,Changing schedule,New
C0946,Regular schedule,Established
C0947,Regular schedule,Established
C0948,Regular schedule,New
C0949,Regular schedule,Established
C0950,Changing schedule,Established
C0951,Regular schedule,Established
C0952,Changing schedule,Established
C0953,Changing schedule,New
C0954,Regular schedule,Established
C0955,Regular schedule,Established
C0956,Changing schedule,Established
C0957,Regular schedule,New
C0958,Regular schedule,Established
C0959,Changing schedule,Established
C0960,Changing schedule,Established
C0961,Regular schedule,New
C0962,Regular schedule,Established
C0963,Changing schedule,Established
C0964,Regular schedule,New
C0965,Regular schedule,Established
C0966,Regular schedule,Established
C0967,Regular schedule,New
C0968,Changing schedule,New
C0969,Regular schedule,New
C0970,Regular schedule,New
C0971,Regular schedule,Established
C0972,Changing schedule,New
C0973,Regular schedule,New
C0974,Changing schedule,Established
C0975,Regular schedule,Established
C0976,Changing schedule,New
C0977,Regular schedule,Established
C0978,Regular schedule,New
C0979,Changing schedule,New
C0980,Changing schedule,New
C0981,Changing schedule,Established
C0982,Regular schedule,Established
C0983,Regular schedule,New
C0984,Regular schedule,Established
C0985,Regular schedule,Established
C0986,Regular schedule,New
C0987,Regular schedule,New
C0988,Changing schedule,Established
C0989,Regular schedule,Established
C0990,Regular schedule,Established
C0991,Changing schedule,Established
C0992,Regular schedule,Established
C0993,Changing schedule,Established
C0994,Changing schedule,Established
C0995,Regular schedule,Established
C0996,Regular schedule,Established
C0997,Regular schedule,Established
C0998,Changing schedule,Established
C0999,Regular schedule,New
C1000,Regular schedule,New
C1001,Regular schedule,Established
C1002,Changing schedule,Established
C1003,Changing schedule,Established
C1004,Regular schedule,Established
C1005,Changing schedule,Established
C1006,Changing schedule,Established
C1007,Changing schedule,Established
C1008,Regular schedule,Established
C1009,Regular schedule,New
C1010,Regular schedule,New
C1011,Regular schedule,Established
C1012,Changing schedule,Established
C1013,Changing schedule,Established
C1014,Regular schedule,Established
C1015,Regular schedule,Established
C1016,Changing schedule,Established
C1017,Regular schedule,New
C1018,Changing schedule,Established
C1019,Regular schedule,Established
C1020,Changing schedule,Established
C1021,Regular schedule,New
C1022,Regular schedule,Established
C1023,Changing schedule,Established
C1024,Regular schedule,New
C1025,Regular schedule,New
C1026,Regular schedule,Established
C1027,Changing schedule,Established
C1028,Regular schedule,New
C1029,Regular schedule,Established
C1030,Regular schedule,Established
C1031,Regular schedule,Established
C1032,Changing schedule,New
C1033,Regular schedule,Established
C1034,Regular schedule,Established
C1035,Regular schedule,Established
C1036,Regular schedule,New
C1037,Regular schedule,New
C1038,Changing schedule,New
C1039,Changing schedule,Established
C1040,Regular schedule,Established
C1041,Changing schedule,New
C1042,Changing schedule,Established
C1043,Changing schedule,New
C1044,Regular schedule,Established
C1045,Changing schedule,Established
C1046,Regular schedule,Established
C1047,Changing schedule,Established
C1048,Changing schedule,New
C1049,Regular schedule,Established
C1050,Changing schedule,New
C1051,Regular schedule,New
C1052,Regular schedule,Established
C1053,Regular schedule,Established
C1054,Regular schedule,Established
C1055,Regular schedule,Established
C1056,Regular schedule,New
C1057,Regular schedule,Established
C1058,Regular schedule,New
C1059,Changing schedule,Established
C1060,Changing schedule,New
C1061,Regular schedule,Established
C1062,Regular schedule,Established
C1063,Changing schedule,Established
C1064,Regular schedule,New
C1065,Regular schedule,Established
C1066,Regular schedule,New
C1067,Regular schedule,New
C1068,Regular schedule,Established
C1069,Regular schedule,New
C1070,Changing schedule,New
C1071,Changing schedule,New
C1072,Regular schedule,Established
C1073,Regular schedule,Established
C1074,Regular schedule,New
C1075,Changing schedule,New
C1076,Regular schedule,Established
C1077,Regular schedule,Established
C1078,Regular schedule,New
C1079,Regular schedule,Established
C1080,Changing schedule,Established
C1081,Changing schedule,Established
C1082,Regular schedule,Established
C1083,Regular schedule,Established
C1084,Changing schedule,New
C1085,Changing schedule,New
C1086,Changing schedule,New
C1087,Changing schedule,New
C1088,Regular schedule,New
C1089,Changing schedule,New
C1090,Changing schedule,New
C1091,Regular schedule,Established
C1092,Changing schedule,Established
C1093,Regular schedule,New
C1094,Regular schedule,Established
C1095,Regular schedule,Established
C1096,Changing schedule,Established
C1097,Regular schedule,New
C1098,Regular schedule,New
C1099,Changing schedule,Established
C1100,Regular schedule,Established
C1101,Regular schedule,Established
C1102,Changing schedule,Established
C1103,Regular schedule,New
C1104,Regular schedule,Established
C1105,Changing schedule,New
C1106,Regular schedule,New
C1107,Changing schedule,Established
C1108,Changing schedule,Established
C1109,Regular schedule,Established
C1110,Regular schedule,Established
C1111,Regular schedule,Established
C1112,Regular schedule,New
C1113,Changing schedule,Established
C1114,Changing schedule,Established
C1115,Changing schedule,Established
C1116,Regular schedule,Established
C1117,Changing schedule,New
C1118,Changing schedule,Established
C1119,Regular schedule,Established
C1120,Changing schedule,New
C1121,Regular schedule,Established
C1122,Regular schedule,New
C1123,Regular schedule,New
C1124,Regular schedule,Established
C1125,Regular schedule,Established
C1126,Regular schedule,New
C1127,Changing schedule,New
C1128,Regular schedule,Established
C1129,Regular schedule,New
C1130,Changing schedule,Established
C1131,Regular schedule,New
C1132,Regular schedule,New
C1133,Regular schedule,Established
C1134,Changing schedule,New
C1135,Changing schedule,Established
C1136,Changing schedule,Established
C1137,Regular schedule,New
C1138,Regular schedule,New
C1139,Changing schedule,Established
C1140,Regular schedule,Established
C1141,Regular schedule,Established
C1142,Regular schedule,Established
C1143,Regular schedule,New
C1144,Regular schedule,Established
C1145,Regular schedule,Established
C1146,Regular schedule,Established
C1147,Regular schedule,New
C1148,Changing schedule,New
C1149,Changing schedule,New
C1150,Regular schedule,Established
C1151,Regular schedule,Established
C1152,Regular schedule,New
C1153,Changing schedule,New
C1154,Regular schedule,Established
C1155,Regular schedule,Established
C1156,Regular schedule,Established
C1157,Changing schedule,Established
C1158,Regular schedule,Established
C1159,Regular schedule,Established
C1160,Regular schedule,Established
C1161,Changing schedule,Established
C1162,Regular schedule,Established
C1163,Regular schedule,Established
C1164,Regular schedule,Established
C1165,Changing schedule,Established
C1166,Changing schedule,New
C1167,Changing schedule,Established
C1168,Regular schedule,Established
C1169,Changing schedule,New
C1170,Changing schedule,New
C1171,Changing schedule,New
C1172,Regular schedule,Established
C1173,Regular schedule,New
C1174,Regular schedule,Established
C1175,Regular schedule,Established
C1176,Changing schedule,Established
C1177,Changing schedule,Established
C1178,Changing schedule,Established
C1179,Changing schedule,Established
C1180,Regular schedule,New
C1181,Regular schedule,Established
C1182,Regular schedule,New
C1183,Changing schedule,Established
C1184,Regular schedule,Established
C1185,Regular schedule,Established
C1186,Changing schedule,New
C1187,Regular schedule,New
C1188,Regular schedule,New
C1189,Regular schedule,Established
C1190,Changing schedule,Established
C1191,Changing schedule,Established
C1192,Changing schedule,New
C1193,Changing schedule,Established
C1194,Changing schedule,Established
C1195,Regular schedule,New
C1196,Regular schedule,Established
C1197,Regular schedule,Established
C1198,Changing schedule,New
C1199,Regular schedule,New
C1200,Regular schedule,Established
