invitation_id,customer_id,responded
I001,C0266,0
I002,C0874,0
I003,C0631,1
I004,C0269,0
I005,C0867,1
I006,C1150,1
I007,C0863,0
I008,C1135,1
I009,C0298,0
I010,C0324,1
I011,C1007,0
I012,C1152,0
I013,C0904,0
I014,C0561,0
I015,C0148,1
I016,C0971,1
I017,C0725,1
I018,C1074,0
I019,C0107,1
I020,C0216,1
I021,C1139,1
I022,C0982,0
I023,C1110,0
I024,C1062,1
I025,C0518,0
I026,C0569,1
I027,C0706,1
I028,C0126,1
I029,C0382,1
I030,C0835,1
I031,C1174,0
I032,C0954,1
I033,C0434,1
I034,C0154,0
I035,C1046,1
I036,C0926,1
I037,C0334,0
I038,C0924,0
I039,C0333,0
I040,C1199,1
I041,C1106,0
I042,C1194,1
I043,C0834,1
I044,C0433,1
I045,C0182,1
I046,C0788,1
I047,C1097,1
I048,C0014,1
I049,C0764,0
I050,C0089,1
I051,C0159,0
I052,C0305,1
I053,C0787,1
I054,C0731,0
I055,C0059,1
I056,C0223,1
I057,C0864,1
I058,C1063,1
I059,C1155,1
I060,C0286,0
I061,C1098,0
I062,C0279,1
I063,C1016,0
I064,C0860,1
I065,C0854,1
I066,C0413,0
I067,C1039,1
I068,C0364,0
I069,C1115,1
I070,C0204,1
I071,C0054,1
I072,C0562,1
I073,C0890,0
I074,C0896,1
I075,C0112,0
I076,C1134,0
I077,C0237,0
I078,C0255,1
I079,C1125,0
I080,C1036,1
I081,C0009,0
I082,C0600,0
I083,C0250,1
I084,C0431,1
I085,C0203,1
I086,C0454,1
I087,C0066,0
I088,C0469,1
I089,C0905,1
I090,C0393,1
I091,C0370,0
I092,C0650,0
I093,C0320,1
I094,C0403,0
I095,C0957,0
I096,C0202,1
I097,C0100,1
I098,C0383,1
I099,C0047,1
I100,C0345,1
I101,C0996,0
I102,C1090,1
I103,C0150,1
I104,C1031,1
I105,C0710,1
I106,C0879,1
I107,C0220,1
I108,C0468,1
I109,C0011,1
I110,C0258,1
I111,C1035,1
I112,C0866,0
I113,C0813,1
I114,C0862,0
I115,C0938,1
I116,C0003,0
I117,C1068,1
I118,C1160,1
I119,C0886,0
I120,C0041,1
I121,C0274,0
I122,C0391,0
I123,C0339,0
I124,C0363,1
I125,C0651,1
I126,C0169,0
I127,C0421,1
I128,C0802,1
I129,C1096,1
I130,C0538,0
I131,C0748,0
I132,C0399,0
I133,C0590,0
I134,C0358,0
I135,C0225,0
I136,C1161,1
I137,C0152,1
I138,C0714,1
I139,C0291,0
I140,C0297,1
I141,C0603,1
I142,C0931,1
I143,C0543,1
I144,C1198,1
I145,C1182,0
I146,C0682,0
I147,C0134,0
I148,C0605,1
I149,C0909,1
I150,C0992,0
I151,C1002,1
I152,C0875,0
I153,C0002,1
I154,C1114,1
I155,C1143,0
I156,C0406,1
I157,C0712,1
I158,C0497,1
I159,C0734,1
I160,C0718,1
I161,C0226,1
I162,C0998,1
I163,C0283,1
I164,C0238,1
I165,C1184,1
I166,C0551,1
I167,C0205,0
I168,C0837,1
I169,C0219,0
I170,C0692,1
I171,C0516,0
I172,C0850,1
I173,C0501,1
I174,C0381,1
I175,C1072,0
I176,C0511,1
I177,C0839,0
I178,C0723,1
I179,C0918,1
I180,C0081,1
I181,C0492,1
I182,C0234,1
I183,C1157,1
I184,C0050,0
I185,C0395,1
I186,C0959,0
I187,C1103,0
I188,C1191,1
I189,C0820,1
I190,C0131,0
I191,C0845,1
I192,C0831,0
I193,C0794,0
I194,C0007,1
I195,C0104,1
I196,C0378,1
I197,C0634,1
I198,C1195,1
I199,C0916,1
I200,C0946,0
I201,C0475,0
I202,C0697,1
I203,C0424,0
I204,C0877,1
I205,C1001,0
I206,C0639,1
I207,C0780,1
I208,C0380,0
I209,C0307,1
I210,C0195,0
I211,C0418,0
I212,C0960,0
I213,C0779,0
I214,C1113,1
I215,C0832,1
I216,C0893,1
I217,C0722,0
I218,C0368,0
I219,C0429,0
I220,C0530,1
I221,C0884,0
I222,C0261,0
I223,C0419,0
I224,C0314,1
I225,C0244,1
I226,C0118,1
I227,C0626,1
I228,C0560,1
I229,C0252,0
I230,C0762,0
I231,C0145,0
I232,C0493,0
I233,C0527,1
I234,C0067,1
I235,C0249,1
I236,C0800,1
I237,C0838,1
I238,C0536,1
I239,C0025,0
I240,C1176,0
I241,C1058,1
I242,C0300,0
I243,C0892,1
I244,C1080,1
I245,C0537,0
I246,C1073,0
I247,C0313,0
I248,C0036,1
I249,C0471,1
I250,C0759,1
I251,C0804,0
I252,C0693,1
I253,C0598,0
I254,C1111,0
I255,C0065,0
I256,C0361,1
I257,C0206,1
I258,C1166,0
I259,C0337,1
I260,C0229,1
I261,C1183,1
I262,C0074,0
I263,C0008,1
I264,C0661,0
I265,C0411,0
I266,C0495,1
I267,C0567,1
I268,C0282,1
I269,C0885,1
I270,C0035,1
I271,C1112,0
I272,C0871,1
I273,C1093,1
I274,C0316,0
I275,C0713,0
I276,C0977,1
I277,C0607,1
I278,C0496,1
I279,C0162,1
I280,C0149,1
I281,C1179,1
I282,C0384,0
I283,C1130,1
I284,C0332,0
I285,C0545,1
I286,C0872,1
I287,C0486,1
I288,C0322,1
I289,C0677,0
I290,C0199,1
I291,C0990,1
I292,C0438,1
I293,C0425,0
I294,C0889,0
I295,C0262,1
I296,C0161,1
I297,C0196,1
I298,C0392,1
I299,C0533,0
I300,C0055,0
I301,C0371,1
I302,C0001,0
I303,C0582,1
I304,C0260,1
I305,C0245,1
I306,C0355,1
I307,C1094,1
I308,C0763,0
I309,C0485,1
I310,C0617,0
I311,C0476,1
I312,C0941,0
I313,C0737,1
I314,C1033,0
I315,C0673,0
I316,C0239,1
I317,C0449,1
I318,C0687,1
I319,C0906,0
I320,C0422,0
I321,C0766,1
I322,C0658,1
I323,C0290,0
I324,C0484,1
I325,C0027,1
I326,C0397,1
I327,C0326,1
I328,C0049,1
I329,C0499,0
I330,C0923,1
I331,C0755,1
I332,C1171,0
I333,C0604,1
I334,C0846,1
I335,C0325,0
I336,C0280,1
I337,C0441,0
I338,C0312,1
I339,C0534,1
I340,C1148,1
I341,C0553,1
I342,C0672,0
I343,C0259,0
I344,C0058,1
I345,C0851,0
I346,C1028,1
I347,C0740,1
I348,C0085,1
I349,C0478,0
I350,C0628,1
I351,C0564,1
I352,C0506,0
I353,C0929,1
I354,C1095,0
I355,C0030,1
I356,C0842,1
I357,C0750,0
I358,C0440,0
I359,C1118,1
I360,C1038,1
I361,C0106,0
I362,C0446,1
I363,C0005,0
I364,C0776,1
I365,C0587,1
I366,C0016,0
I367,C0414,0
I368,C0643,0
I369,C0743,1
I370,C0356,1
I371,C0061,1
I372,C0969,1
I373,C0701,1
I374,C0873,1
I375,C0427,1
I376,C1123,0
I377,C0552,1
I378,C0806,1
I379,C1056,0
I380,C0920,0
I381,C0417,0
I382,C0555,0
I383,C1186,1
I384,C0705,1
I385,C0164,0
I386,C0790,0
I387,C0321,0
I388,C0137,0
I389,C0878,1
I390,C0139,1
I391,C0914,1
I392,C0142,1
I393,C0595,1
I394,C0051,1
I395,C0774,1
I396,C0071,1
I397,C0510,1
I398,C0777,0
I399,C0329,0
I400,C0861,1
I401,C0700,0
I402,C0044,0
I403,C0465,1
I404,C0936,1
I405,C1083,1
I406,C0310,1
I407,C0770,1
I408,C0703,1
I409,C0335,1
I410,C0372,0
I411,C0789,1
I412,C0566,0
I413,C1015,1
I414,C1045,0
I415,C0744,0
I416,C0667,1
I417,C0435,0
I418,C1117,0
I419,C0644,0
I420,C0853,1
I421,C0034,0
I422,C0004,1
I423,C0166,1
I424,C1067,0
I425,C0088,0
I426,C0053,1
I427,C1142,1
I428,C0463,0
I429,C0609,1
I430,C1081,1
I431,C1193,1
I432,C0728,1
I433,C1146,1
I434,C0029,0
I435,C0389,1
I436,C0907,0
I437,C0138,1
I438,C0606,0
I439,C0745,0
I440,C0602,1
I441,C0978,1
I442,C0897,0
I443,C0466,1
I444,C0439,0
I445,C0042,1
I446,C0309,0
I447,C0736,1
I448,C0289,0
I449,C0612,1
I450,C0360,0
I451,C0649,0
I452,C0373,1
I453,C0473,1
I454,C1017,0
I455,C0271,1
I456,C1050,0
I457,C0263,0
I458,C0458,1
I459,C0688,0
I460,C0580,0
I461,C0416,0
I462,C0578,0
I463,C0614,1
I464,C0520,0
I465,C0375,1
I466,C1105,1
I467,C0925,1
I468,C0690,1
I469,C0248,1
I470,C0870,1
I471,C0668,1
I472,C0184,1
I473,C0461,0
I474,C0579,1
I475,C0817,1
I476,C1077,0
I477,C1153,0
I478,C1052,0
I479,C0591,1
I480,C0859,1
I481,C0209,1
I482,C0911,0
I483,C0390,0
I484,C0953,0
I485,C0964,0
I486,C0796,1
I487,C0792,1
I488,C0730,1
I489,C0063,1
I490,C0512,0
I491,C1192,1
I492,C1057,0
I493,C0570,1
I494,C0894,1
I495,C0771,0
I496,C0116,1
I497,C0448,0
I498,C0186,0
I499,C0633,0
I500,C0192,1
