Date,Platform,Campaign,Impressions,Clicks,Spend,Conversions,Conversion_Rate,CPA,Revenue
2024-01-01,Instagram,Retargeting,6255,568,1433.46,46,8.1,31.16,7934.84
2024-01-02,Meta,Brand Awareness,10233,870,2561.31,124,14.25,20.66,10896.37
2024-01-03,Instagram,Lead Gen,13769,633,4301.66,0,0.0,,0.0
2024-01-04,Twitter,Product Launch,47074,1361,483.52,138,10.14,3.5,13492.06
2024-01-05,TikTok,Retargeting,27542,103,2281.31,6,5.83,380.22,933.73
2024-01-06,Twitter,Product Launch,20261,124,910.86,9,7.26,101.21,932.14
2024-01-07,TikTok,Brand Awareness,13986,487,2498.17,68,13.96,36.74,15594.69
2024-01-08,LinkedIn,Lead Gen,40653,2830,2212.56,231,8.16,9.58,21467.58
2024-01-09,Instagram,Product Launch,19078,1738,2989.26,65,3.74,45.99,15434.03
2024-01-10,TikTok,Retargeting,46429,3269,4825.38,280,8.57,17.23,70820.87
2024-01-11,Instagram,Brand Awareness,14206,1176,2969.6,75,6.38,39.59,12437.72
2024-01-12,Instagram,Lead Gen,43368,3221,2367.89,107,3.32,22.13,17461.84
2024-01-13,TikTok,Retargeting,7669,90,1210.68,10,11.11,121.07,2263.62
2024-01-14,LinkedIn,Product Launch,11740,727,2704.06,95,13.07,28.46,14803.09
2024-01-15,LinkedIn,Retargeting,37040,2508,311.14,285,11.36,1.09,68617.59
2024-01-16,Instagram,Lead Gen,34295,1966,766.6,184,9.36,4.17,32448.16
2024-01-17,Instagram,Retargeting,27404,1310,213.25,125,9.54,1.71,35976.44
2024-01-18,Instagram,Lead Gen,26527,2066,1499.62,354,17.13,4.24,87835.94
2024-01-19,Instagram,Brand Awareness,19160,1417,3411.86,167,11.79,20.43,43776.83
2024-01-20,TikTok,Lead Gen,28792,1109,519.08,124,11.18,4.19,15627.79
2024-01-21,TikTok,Brand Awareness,8133,126,636.56,1,0.79,636.56,99.38
2024-01-22,Meta,Retargeting,8364,667,2919.22,6,0.9,486.54,858.74
2024-01-23,LinkedIn,Lead Gen,27898,528,696.29,94,17.8,7.41,7685.2
2024-01-24,TikTok,Product Launch,14946,344,784.15,0,0.0,,0.0
2024-01-25,Instagram,Brand Awareness,7824,222,178.25,6,2.7,29.71,1040.27
2024-01-26,Meta,Retargeting,23514,1596,3209.16,108,6.77,29.71,20106.62
2024-01-27,Twitter,Brand Awareness,5284,151,3457.59,3,1.99,1152.53,648.6
2024-01-28,Instagram,Lead Gen,47866,4716,2748.66,524,11.11,5.25,32919.39
2024-01-29,Twitter,Brand Awareness,21425,857,1824.58,4,0.47,456.14,1124.68
2024-01-30,Twitter,Retargeting,32343,3167,2462.0,441,13.92,5.58,51408.48
2024-01-31,Meta,Lead Gen,11411,1130,2801.57,113,10.0,24.79,24638.12
2024-02-01,LinkedIn,Brand Awareness,11120,204,4590.37,29,14.22,158.29,2600.34
2024-02-02,Twitter,Brand Awareness,36583,1315,3590.46,198,15.06,18.13,51734.93
2024-02-03,LinkedIn,Product Launch,48269,288,265.77,39,13.54,6.81,7882.97
2024-02-04,Instagram,Retargeting,47443,1507,990.36,177,11.75,5.6,22389.32
2024-02-05,Instagram,Lead Gen,29168,310,4795.12,5,1.61,959.02,1437.96
2024-02-06,Twitter,Brand Awareness,37831,1951,1045.8,122,6.25,8.57,26412.83
2024-02-07,LinkedIn,Retargeting,18631,767,1058.31,147,19.17,7.2,29017.25
2024-02-08,Instagram,Retargeting,46829,4274,4461.05,15,0.35,297.4,3672.4
2024-02-09,Twitter,Retargeting,26822,647,4963.87,32,4.95,155.12,9036.56
2024-02-10,Instagram,Brand Awareness,37661,2237,3747.3,360,16.09,10.41,71109.41
2024-02-11,TikTok,Lead Gen,45964,4120,3568.35,473,11.48,7.54,108712.88
2024-02-12,Instagram,Product Launch,2120,119,3186.85,12,10.08,265.57,1783.1
2024-02-13,Twitter,Retargeting,22703,644,714.42,16,2.48,44.65,1748.16
2024-02-14,TikTok,Brand Awareness,40269,1034,4562.93,144,13.93,31.69,21861.12
2024-02-15,LinkedIn,Brand Awareness,15391,1334,234.86,182,13.64,1.29,47158.63
2024-02-16,Twitter,Retargeting,6634,624,4379.12,112,17.95,39.1,25105.5
2024-02-17,LinkedIn,Product Launch,33877,1826,405.81,281,15.39,1.44,41524.05
2024-02-18,Instagram,Brand Awareness,48147,2390,4544.12,109,4.56,41.69,29524.8
2024-02-19,LinkedIn,Retargeting,17183,613,4573.01,85,13.87,53.8,11407.22
2024-02-20,LinkedIn,Retargeting,18927,1665,4610.69,279,16.76,16.53,24899.39
2024-02-21,TikTok,Retargeting,40426,1369,2947.56,255,18.63,11.56,69461.83
2024-02-22,LinkedIn,Product Launch,46381,211,2589.99,42,19.91,61.67,9826.78
2024-02-23,LinkedIn,Lead Gen,7249,664,111.31,83,12.5,1.34,21291.29
2024-02-24,Meta,Product Launch,24404,1233,391.22,109,8.84,3.59,12094.48
2024-02-25,LinkedIn,Retargeting,32054,1544,4912.2,224,14.51,21.93,32288.82
2024-02-26,TikTok,Lead Gen,8487,683,2550.93,42,6.15,60.74,3992.62
2024-02-27,Twitter,Lead Gen,17154,1558,3320.89,255,16.37,13.02,68891.69
2024-02-28,LinkedIn,Retargeting,21356,1640,1229.79,14,0.85,87.84,1883.58
2024-02-29,Meta,Retargeting,18373,313,581.69,54,17.25,10.77,13394.75
2024-03-01,Meta,Product Launch,35714,263,4106.71,3,1.14,1368.9,875.64
2024-03-02,LinkedIn,Retargeting,4180,82,2055.89,8,9.76,256.99,2016.08
2024-03-03,TikTok,Brand Awareness,33303,953,3934.42,153,16.05,25.72,26196.19
2024-03-04,Instagram,Product Launch,10057,739,2195.75,24,3.25,91.49,2875.8
2024-03-05,Twitter,Retargeting,24159,836,2896.49,156,18.66,18.57,16576.54
2024-03-06,Instagram,Retargeting,44623,701,3592.96,87,12.41,41.3,20725.64
2024-03-07,Instagram,Lead Gen,30781,96,1280.43,10,10.42,128.04,2511.82
2024-03-08,LinkedIn,Brand Awareness,30672,77,2883.81,3,3.9,961.27,761.82
2024-03-09,Meta,Brand Awareness,34400,2396,905.99,440,18.36,2.06,127909.04
2024-03-10,Twitter,Retargeting,6546,442,3519.64,34,7.69,103.52,3577.75
2024-03-11,Instagram,Retargeting,46262,1745,4404.76,52,2.98,84.71,13004.1
2024-03-12,TikTok,Brand Awareness,4753,310,1797.19,28,9.03,64.19,5807.91
2024-03-13,LinkedIn,Lead Gen,32410,245,2837.25,39,15.92,72.75,8358.21
2024-03-14,Instagram,Product Launch,8037,160,1519.24,13,8.12,116.86,2187.93
2024-03-15,TikTok,Retargeting,18164,1412,1655.87,233,16.5,7.11,62437.41
2024-03-16,LinkedIn,Product Launch,36012,3280,595.62,322,9.82,1.85,17673.87
2024-03-17,Twitter,Brand Awareness,46491,4507,649.01,338,7.5,1.92,60552.19
2024-03-18,LinkedIn,Retargeting,29035,627,1640.29,9,1.44,182.25,2119.49
2024-03-19,Twitter,Product Launch,15902,690,3234.47,120,17.39,26.95,24377.79
2024-03-20,TikTok,Brand Awareness,18906,273,2847.44,6,2.2,474.57,735.94
2024-03-21,LinkedIn,Retargeting,16677,1089,3601.52,39,3.58,92.35,3831.88
2024-03-22,LinkedIn,Product Launch,41627,3127,609.56,159,5.08,3.83,34990.5
2024-03-23,LinkedIn,Brand Awareness,15484,192,2357.88,26,13.54,90.69,3715.21
2024-03-24,TikTok,Product Launch,6693,342,792.89,41,11.99,19.34,11272.5
2024-03-25,Instagram,Product Launch,14936,718,2738.03,101,14.07,27.11,8616.91
2024-03-26,Twitter,Product Launch,11986,1033,2649.24,29,2.81,91.35,2655.28
2024-03-27,Twitter,Retargeting,28194,172,2773.73,7,4.07,396.25,1609.99
2024-03-28,Meta,Retargeting,14769,1109,510.98,109,9.83,4.69,10980.16
2024-03-29,Instagram,Product Launch,45591,1484,3058.97,20,1.35,152.95,3075.41
2024-03-30,LinkedIn,Retargeting,29946,1346,1031.96,6,0.45,171.99,1321.36
2024-03-31,Twitter,Lead Gen,16431,708,1066.96,116,16.38,9.2,13050.94
2024-04-01,LinkedIn,Brand Awareness,13165,607,4863.03,111,18.29,43.81,18671.87
2024-04-02,TikTok,Retargeting,25803,2265,1344.54,298,13.16,4.51,54203.91
2024-04-03,TikTok,Retargeting,42842,3629,747.67,606,16.7,1.23,97721.81
2024-04-04,Meta,Lead Gen,13232,1274,1994.18,225,17.66,8.86,36136.71
2024-04-05,Meta,Brand Awareness,18910,110,1449.85,10,9.09,144.98,2850.57
2024-04-06,Instagram,Product Launch,43447,606,2839.0,25,4.13,113.56,1880.75
2024-04-07,LinkedIn,Brand Awareness,6865,637,4918.51,27,4.24,182.17,7509.58
2024-04-08,Twitter,Lead Gen,24057,74,2440.85,1,1.35,2440.85,211.56
2024-04-09,TikTok,Product Launch,43721,281,4510.42,33,11.74,136.68,5332.18
2024-04-10,Instagram,Retargeting,5763,281,1805.55,25,8.9,72.22,7486.63
2024-04-11,Meta,Lead Gen,49377,3422,251.94,0,0.0,,0.0
2024-04-12,Meta,Lead Gen,18506,1023,3179.53,93,9.09,34.19,8949.96
2024-04-13,Twitter,Retargeting,33021,2569,4730.45,71,2.76,66.63,6403.28
2024-04-14,Instagram,Brand Awareness,14907,80,2858.6,2,2.5,1429.3,446.68
2024-04-15,Instagram,Brand Awareness,32315,625,4436.2,72,11.52,61.61,16701.4
2024-04-16,Meta,Lead Gen,37538,1833,3538.11,329,17.95,10.75,68928.36
2024-04-17,LinkedIn,Product Launch,20742,704,534.76,47,6.68,11.38,2442.55
2024-04-18,Twitter,Product Launch,33856,980,2615.3,26,2.65,100.59,3987.93
2024-04-19,TikTok,Lead Gen,16024,216,3859.13,40,18.52,96.48,11978.24
2024-04-20,LinkedIn,Product Launch,17380,317,2724.41,8,2.52,340.55,1472.24
2024-04-21,Meta,Product Launch,24273,2326,2267.2,8,0.34,283.4,2047.05
2024-04-22,TikTok,Brand Awareness,25188,2087,397.82,70,3.35,5.68,19024.23
2024-04-23,Instagram,Product Launch,11811,1023,2488.57,110,10.75,22.62,9933.11
2024-04-24,Instagram,Retargeting,13477,382,1777.24,7,1.83,253.89,1965.88
2024-04-25,Meta,Retargeting,27503,2516,1771.98,492,19.55,3.6,30741.44
2024-04-26,Meta,Brand Awareness,2440,220,3882.74,8,3.64,485.34,1391.01
2024-04-27,LinkedIn,Lead Gen,2084,83,2300.18,10,12.05,230.02,2524.59
2024-04-28,Instagram,Product Launch,4735,324,595.86,10,3.09,59.59,1086.68
2024-04-29,TikTok,Lead Gen,49579,3271,977.4,195,5.96,5.01,45371.89
2024-04-30,Meta,Lead Gen,7065,454,2702.45,69,15.2,39.17,17971.85
2024-05-01,Twitter,Retargeting,6475,307,4150.18,30,9.77,138.34,8349.42
2024-05-02,Meta,Retargeting,23536,670,3214.71,98,14.63,32.8,12428.7
2024-05-03,Twitter,Retargeting,29740,1074,2913.41,90,8.38,32.37,25741.37
2024-05-04,Meta,Retargeting,39162,2246,1616.99,445,19.81,3.63,53394.36
2024-05-05,Meta,Brand Awareness,46758,2576,4096.1,59,2.29,69.43,15190.85
2024-05-06,TikTok,Lead Gen,26546,844,1317.74,65,7.7,20.27,6127.67
2024-05-07,Twitter,Brand Awareness,21939,1239,4976.1,47,3.79,105.87,4793.32
2024-05-08,LinkedIn,Lead Gen,8889,513,3746.65,54,10.53,69.38,9099.0
2024-05-09,Instagram,Brand Awareness,15549,492,2978.03,60,12.2,49.63,3768.24
2024-05-10,TikTok,Product Launch,34548,1928,427.79,136,7.05,3.15,20438.49
2024-05-11,TikTok,Brand Awareness,42220,4083,2166.56,627,15.36,3.46,72367.87
2024-05-12,Meta,Brand Awareness,23417,1828,2427.77,33,1.81,73.57,1706.6
2024-05-13,Meta,Lead Gen,1246,56,3301.35,3,5.36,1100.45,202.21
2024-05-14,TikTok,Retargeting,14800,791,101.75,95,12.01,1.07,7157.85
2024-05-15,Meta,Product Launch,9125,691,3137.63,136,19.68,23.07,29847.95
2024-05-16,Twitter,Brand Awareness,33752,2431,2745.83,294,12.09,9.34,33623.05
2024-05-17,Twitter,Lead Gen,18842,1630,4998.52,193,11.84,25.9,25492.11
2024-05-18,Meta,Product Launch,49835,2128,2716.87,195,9.16,13.93,46068.29
2024-05-19,LinkedIn,Lead Gen,43916,1495,3428.6,58,3.88,59.11,4072.56
2024-05-20,LinkedIn,Product Launch,48228,218,731.35,13,5.96,56.26,1736.18
2024-05-21,Meta,Product Launch,34708,2743,3570.61,386,14.07,9.25,24138.31
2024-05-22,LinkedIn,Lead Gen,13071,915,1427.66,176,19.23,8.11,13886.01
2024-05-23,Twitter,Brand Awareness,12259,216,2558.81,38,17.59,67.34,3578.66
2024-05-24,Twitter,Brand Awareness,46185,4597,4190.36,464,10.09,9.03,98706.74
2024-05-25,Meta,Product Launch,39876,2509,1167.33,301,12.0,3.88,42927.81
2024-05-26,Meta,Retargeting,34598,2229,3401.96,138,6.19,24.65,11018.6
2024-05-27,Twitter,Brand Awareness,35206,993,4081.22,89,8.96,45.86,25287.44
2024-05-28,Twitter,Retargeting,26045,91,522.17,6,6.59,87.03,1302.1
2024-05-29,Instagram,Brand Awareness,1299,67,2003.66,4,5.97,500.92,745.43
2024-05-30,Twitter,Lead Gen,48713,4470,3071.41,464,10.38,6.62,32325.99
2024-05-31,Instagram,Lead Gen,34143,3213,1013.49,604,18.8,1.68,52910.04
2024-06-01,Meta,Product Launch,30400,532,3456.35,38,7.14,90.96,4658.79
2024-06-02,Instagram,Retargeting,18844,1522,1665.71,232,15.24,7.18,23152.05
2024-06-03,Twitter,Brand Awareness,14922,105,4617.08,12,11.43,384.76,1684.59
2024-06-04,LinkedIn,Retargeting,27510,354,3445.87,33,9.32,104.42,2221.14
2024-06-05,Meta,Product Launch,7070,54,4506.66,8,14.81,563.33,1471.81
2024-06-06,LinkedIn,Lead Gen,28222,1762,4807.38,293,16.63,16.41,60019.19
2024-06-07,Meta,Brand Awareness,26462,275,4187.81,17,6.18,246.34,3230.69
2024-06-08,Instagram,Brand Awareness,21877,1728,3881.28,31,1.79,125.2,4158.66
2024-06-09,TikTok,Brand Awareness,30836,2561,2356.24,2,0.08,1178.12,579.77
2024-06-10,Twitter,Retargeting,41922,3606,1283.37,482,13.37,2.66,96255.57
2024-06-11,TikTok,Brand Awareness,26787,60,4753.35,0,0.0,,0.0
2024-06-12,Instagram,Lead Gen,25774,130,1463.84,7,5.38,209.12,1764.66
2024-06-13,Meta,Brand Awareness,49223,584,500.83,42,7.19,11.92,2451.62
2024-06-14,Twitter,Product Launch,43675,3479,1839.98,289,8.31,6.37,33541.76
2024-06-15,Instagram,Lead Gen,49400,3593,3902.09,369,10.27,10.57,99231.8
2024-06-16,Twitter,Product Launch,30654,2237,4673.28,332,14.84,14.08,73964.3
2024-06-17,Instagram,Brand Awareness,4765,394,1044.71,35,8.88,29.85,9602.27
2024-06-18,LinkedIn,Brand Awareness,13826,1143,4663.97,141,12.34,33.08,7810.82
2024-06-19,Instagram,Lead Gen,17075,1088,2704.5,41,3.77,65.96,7502.29
2024-06-20,Instagram,Brand Awareness,15406,1015,1182.92,151,14.88,7.83,40094.7
2024-06-21,LinkedIn,Brand Awareness,2682,58,4405.77,5,8.62,881.15,481.03
2024-06-22,Twitter,Retargeting,45467,489,3466.85,28,5.73,123.82,6230.39
2024-06-23,LinkedIn,Retargeting,8830,605,2120.21,19,3.14,111.59,4648.05
2024-06-24,LinkedIn,Product Launch,34500,3335,4129.32,306,9.18,13.49,17665.84
2024-06-25,TikTok,Product Launch,45935,3401,3537.62,402,11.82,8.8,108917.86
2024-06-26,Instagram,Brand Awareness,22749,224,2583.41,41,18.3,63.01,11955.3
2024-06-27,TikTok,Product Launch,48543,1916,3153.01,249,13.0,12.66,57189.12
2024-06-28,Twitter,Retargeting,36181,3503,2147.82,401,11.45,5.36,38343.03
2024-01-01,TikTok,Retargeting,10060,426,2942.04,29,6.81,101.45,3925.61
2024-01-02,Instagram,Retargeting,27105,1748,2880.95,136,7.78,21.18,18146.54
2024-01-03,TikTok,Retargeting,39429,1741,624.24,104,5.97,6.0,16807.21
2024-01-04,Instagram,Retargeting,49354,2260,192.59,257,11.37,0.75,58007.2
2024-01-05,Meta,Lead Gen,44463,3720,3958.94,304,8.17,13.02,47695.65
2024-01-06,Twitter,Retargeting,21047,1459,3906.77,290,19.88,13.47,59700.42
2024-01-07,TikTok,Retargeting,11735,297,3972.16,19,6.4,209.06,3469.0
2024-01-08,Instagram,Lead Gen,25885,1493,3832.44,200,13.4,19.16,15864.5
2024-01-09,LinkedIn,Brand Awareness,8415,794,3126.93,85,10.71,36.79,18570.37
2024-01-10,Instagram,Retargeting,18642,1834,2655.18,64,3.49,41.49,13154.43
2024-01-11,Twitter,Lead Gen,41902,1647,4861.08,195,11.84,24.93,22980.78
2024-01-12,TikTok,Lead Gen,9037,394,1805.52,33,8.38,54.71,8479.09
2024-01-13,LinkedIn,Product Launch,26059,1622,2075.93,119,7.34,17.44,16299.82
2024-01-14,TikTok,Lead Gen,28748,849,2654.91,119,14.02,22.31,34415.45
2024-01-15,Instagram,Lead Gen,11943,858,3963.93,126,14.69,31.46,20780.71
2024-01-16,LinkedIn,Brand Awareness,48731,2031,1310.65,143,7.04,9.17,22982.05
2024-01-17,Twitter,Brand Awareness,29334,2837,2138.23,287,10.12,7.45,73905.86
2024-01-18,TikTok,Product Launch,10950,773,388.8,5,0.65,77.76,1484.1
2024-01-19,TikTok,Product Launch,36316,2213,499.29,25,1.13,19.97,4242.56
2024-01-20,Instagram,Lead Gen,17886,257,4863.35,39,15.18,124.7,9784.0
2024-01-21,Instagram,Product Launch,1917,100,3690.37,7,7.0,527.2,774.59
2024-01-22,Instagram,Lead Gen,11446,425,3216.4,81,19.06,39.71,4447.42
2024-01-23,TikTok,Brand Awareness,48163,1302,2324.5,233,17.9,9.98,68736.07
2024-01-24,TikTok,Lead Gen,19040,156,2880.89,23,14.74,125.26,6511.55
2024-01-25,Meta,Retargeting,16534,823,1153.15,153,18.59,7.54,34339.08
2024-01-26,Instagram,Brand Awareness,23787,547,114.95,39,7.13,2.95,7614.3
2024-01-27,Meta,Product Launch,48227,200,2972.88,37,18.5,80.35,8657.77
2024-01-28,Twitter,Lead Gen,19965,1110,3627.76,137,12.34,26.48,21318.36
2024-01-29,TikTok,Product Launch,18079,245,4537.57,48,19.59,94.53,12535.07
2024-01-30,Twitter,Lead Gen,1248,116,4362.2,20,17.24,218.11,1622.09
2024-01-31,Instagram,Product Launch,24603,622,2761.7,116,18.65,23.81,17061.24
2024-02-01,Meta,Product Launch,6026,364,4039.16,5,1.37,807.83,953.35
2024-02-02,Instagram,Retargeting,22908,1222,4995.6,117,9.57,42.7,8722.2
2024-02-03,Twitter,Brand Awareness,1236,76,4421.94,12,15.79,368.49,874.62
2024-02-04,Instagram,Retargeting,6768,413,3066.7,72,17.43,42.59,18759.17
2024-02-05,LinkedIn,Lead Gen,46407,3381,4553.99,154,4.55,29.57,16081.68
2024-02-06,Meta,Lead Gen,38264,1112,1887.23,169,15.2,11.17,21707.26
2024-02-07,Instagram,Retargeting,15278,801,1912.12,23,2.87,83.14,4240.19
2024-02-08,Meta,Lead Gen,25609,163,386.29,15,9.2,25.75,4471.83
2024-02-09,TikTok,Lead Gen,49271,1399,991.4,243,17.37,4.08,57719.7
2024-02-10,Instagram,Product Launch,45625,1593,3846.11,210,13.18,18.31,51325.63
2024-02-11,Meta,Product Launch,38227,649,2502.4,97,14.95,25.8,7727.73
2024-02-12,LinkedIn,Product Launch,1347,74,2069.2,12,16.22,172.43,2697.08
2024-02-13,Twitter,Product Launch,35777,2996,2225.0,399,13.32,5.58,40284.16
2024-02-14,Twitter,Lead Gen,6830,203,881.16,5,2.46,176.23,554.71
2024-02-15,Meta,Brand Awareness,7397,218,3178.74,24,11.01,132.45,5706.74
2024-02-16,LinkedIn,Brand Awareness,44420,4293,3296.85,249,5.8,13.24,30458.82
2024-02-17,TikTok,Brand Awareness,23406,588,328.02,61,10.37,5.38,5518.75
2024-02-18,Instagram,Retargeting,20481,1063,3066.51,166,15.62,18.47,25110.14
2024-02-19,Meta,Retargeting,23808,502,1712.63,23,4.58,74.46,2398.42
2024-02-20,LinkedIn,Brand Awareness,11248,610,3352.7,32,5.25,104.77,5072.76
2024-02-21,Instagram,Lead Gen,31362,1525,4988.96,150,9.84,33.26,15985.15
2024-02-22,Instagram,Brand Awareness,39979,1733,2132.75,49,2.83,43.53,14074.73
2024-02-23,TikTok,Brand Awareness,4326,63,3157.7,2,3.17,1578.85,362.35
2024-02-24,Twitter,Retargeting,25145,2270,2812.87,215,9.47,13.08,32030.38
2024-02-25,Twitter,Product Launch,22942,1056,417.5,74,7.01,5.64,18241.83
2024-02-26,Twitter,Product Launch,23677,443,2246.35,86,19.41,26.12,6515.67
2024-02-27,Meta,Lead Gen,1137,58,2485.85,0,0.0,,0.0
2024-02-28,TikTok,Lead Gen,38382,130,751.93,2,1.54,375.96,221.43
2024-02-29,Twitter,Lead Gen,19301,148,668.0,5,3.38,133.6,704.38
2024-03-01,LinkedIn,Retargeting,33725,1008,3713.94,116,11.51,32.02,28129.46
2024-03-02,TikTok,Retargeting,11053,990,4984.91,93,9.39,53.6,10556.82
2024-03-03,Twitter,Retargeting,9992,257,3079.96,40,15.56,77.0,4742.66
2024-03-04,TikTok,Lead Gen,28536,1636,2058.43,274,16.75,7.51,59189.76
2024-03-05,LinkedIn,Retargeting,48615,2841,4936.04,109,3.84,45.28,30856.13
2024-03-06,TikTok,Brand Awareness,39116,607,1614.69,120,19.77,13.46,13419.87
2024-03-07,LinkedIn,Brand Awareness,11035,737,3645.9,8,1.09,455.74,1312.77
2024-03-08,LinkedIn,Retargeting,21254,1790,3909.27,76,4.25,51.44,8473.97
2024-03-09,Twitter,Lead Gen,5229,395,2266.87,4,1.01,566.72,241.65
2024-03-10,TikTok,Lead Gen,43492,1209,2958.65,198,16.38,14.94,22951.93
2024-03-11,Instagram,Product Launch,31835,2802,1527.61,70,2.5,21.82,20455.71
2024-03-12,TikTok,Lead Gen,25726,2235,2577.85,424,18.97,6.08,63003.89
2024-03-13,Twitter,Retargeting,29959,237,473.92,7,2.95,67.7,920.65
2024-03-14,Meta,Lead Gen,34413,2441,3681.01,22,0.9,167.32,4067.67
2024-03-15,TikTok,Lead Gen,47036,1436,4626.92,86,5.99,53.8,14269.7
2024-03-16,TikTok,Lead Gen,21484,1031,3997.94,13,1.26,307.53,3804.11
2024-03-17,TikTok,Brand Awareness,41374,2996,4519.66,316,10.55,14.3,83713.14
2024-03-18,Instagram,Lead Gen,23675,2227,1122.66,165,7.41,6.8,31010.15
2024-03-19,Instagram,Brand Awareness,11682,313,590.16,34,10.86,17.36,3127.4
2024-03-20,Instagram,Retargeting,47917,4790,2347.81,940,19.62,2.5,150736.64
2024-03-21,Meta,Brand Awareness,13602,545,3608.7,98,17.98,36.82,19472.1
2024-03-22,LinkedIn,Retargeting,6047,191,996.64,2,1.05,498.32,324.03
2024-03-23,Meta,Product Launch,4696,419,2559.33,29,6.92,88.25,4911.21
2024-03-24,LinkedIn,Lead Gen,28776,1525,831.24,153,10.03,5.43,28806.94
2024-03-25,Instagram,Brand Awareness,15339,427,140.79,84,19.67,1.68,7142.56
2024-03-26,Twitter,Lead Gen,1155,77,1136.56,0,0.0,,0.0
2024-03-27,Instagram,Product Launch,5946,78,3826.05,13,16.67,294.31,3302.92
2024-03-28,Meta,Brand Awareness,21625,1033,960.49,63,6.1,15.25,4132.48
2024-03-29,Meta,Retargeting,47081,1744,4754.94,322,18.46,14.77,61391.57
2024-03-30,Twitter,Retargeting,47646,3053,4134.15,513,16.8,8.06,135963.33
2024-03-31,Meta,Brand Awareness,21592,2037,4092.83,393,19.29,10.41,41446.58
2024-04-01,Meta,Product Launch,36182,1459,2725.83,269,18.44,10.13,42951.89
2024-04-02,TikTok,Retargeting,1218,107,1697.6,9,8.41,188.62,1625.44
2024-04-03,Meta,Lead Gen,19450,1492,3819.43,48,3.22,79.57,12175.76
2024-04-04,Twitter,Retargeting,49466,4891,610.36,473,9.67,1.29,131700.24
2024-04-05,Meta,Product Launch,40087,397,1271.19,52,13.1,24.45,8182.28
2024-04-06,Meta,Lead Gen,19109,355,841.64,5,1.41,168.33,1022.13
2024-04-07,Instagram,Retargeting,41277,393,1596.45,61,15.52,26.17,9489.18
2024-04-08,Meta,Retargeting,17940,1718,4146.59,95,5.53,43.65,24562.94
2024-04-09,Meta,Retargeting,47041,1125,3036.98,161,14.31,18.86,28645.25
2024-04-10,Instagram,Retargeting,4093,382,1826.67,29,7.59,62.99,2453.43
2024-04-11,Meta,Lead Gen,9448,715,156.29,52,7.27,3.01,8624.16
2024-04-12,TikTok,Retargeting,34756,1448,1217.17,53,3.66,22.97,8599.12
2024-04-13,Meta,Retargeting,26467,1936,4677.5,293,15.13,15.96,74956.23
2024-04-14,TikTok,Brand Awareness,39677,2478,1706.9,21,0.85,81.28,1774.2
2024-04-15,Meta,Lead Gen,41723,821,2186.34,109,13.28,20.06,18098.5
2024-04-16,TikTok,Product Launch,44404,2093,2815.28,411,19.64,6.85,112778.45
2024-04-17,Twitter,Product Launch,13318,106,2889.81,1,0.94,2889.81,136.65
2024-04-18,Meta,Brand Awareness,33627,2803,2734.06,419,14.95,6.53,53328.82
2024-04-19,LinkedIn,Product Launch,28941,773,3184.12,61,7.89,52.2,13386.38
2024-04-20,LinkedIn,Brand Awareness,2659,167,1188.2,28,16.77,42.44,6222.49
2024-04-21,Meta,Brand Awareness,43109,983,3456.43,68,6.92,50.83,12229.14
2024-04-22,Instagram,Product Launch,33127,2824,3780.44,328,11.61,11.53,18759.55
2024-04-23,Meta,Retargeting,29745,2118,4673.45,170,8.03,27.49,23115.85
2024-04-24,Instagram,Product Launch,14900,380,1681.86,18,4.74,93.44,1984.57
2024-04-25,Instagram,Brand Awareness,33926,450,2522.19,65,14.44,38.8,11288.69
2024-04-26,Twitter,Brand Awareness,42331,449,516.21,0,0.0,,0.0
2024-04-27,Instagram,Retargeting,19535,264,3509.86,19,7.2,184.73,1852.52
2024-04-28,Instagram,Lead Gen,34274,2308,1328.26,378,16.38,3.51,45015.16
2024-04-29,Meta,Brand Awareness,21491,1538,1334.87,278,18.08,4.8,24513.81
2024-04-30,Instagram,Brand Awareness,44487,2805,937.72,166,5.92,5.65,41883.43
2024-05-01,Meta,Brand Awareness,22381,1729,607.42,91,5.26,6.67,24159.64
2024-05-02,LinkedIn,Brand Awareness,30642,183,1028.27,15,8.2,68.55,1822.76
2024-05-03,Instagram,Retargeting,29165,2895,2384.59,37,1.28,64.45,5167.74
2024-05-04,TikTok,Product Launch,14000,54,4136.98,4,7.41,1034.24,793.43
2024-05-05,Instagram,Product Launch,47803,4353,2929.39,743,17.07,3.94,107903.27
2024-05-06,Twitter,Product Launch,11891,434,4054.36,39,8.99,103.96,2814.53
2024-05-07,Meta,Lead Gen,41250,3155,3946.09,256,8.11,15.41,58669.54
2024-05-08,Instagram,Product Launch,12596,267,4046.52,5,1.87,809.3,574.71
2024-05-09,Twitter,Brand Awareness,34315,195,359.22,19,9.74,18.91,1168.04
2024-05-10,TikTok,Lead Gen,37376,1812,1480.04,150,8.28,9.87,16402.26
2024-05-11,LinkedIn,Lead Gen,29845,2555,1153.35,167,6.54,6.91,34366.09
2024-05-12,TikTok,Product Launch,48198,2438,4662.26,300,12.31,15.54,88408.59
2024-05-13,Instagram,Retargeting,46292,1816,1763.37,66,3.63,26.72,4776.98
2024-05-14,Twitter,Product Launch,5373,177,4750.34,8,4.52,593.79,1050.81
2024-05-15,Twitter,Lead Gen,24660,720,268.92,91,12.64,2.96,7178.63
2024-05-16,Instagram,Product Launch,3513,184,762.42,0,0.0,,0.0
2024-05-17,Instagram,Brand Awareness,41822,264,108.64,28,10.61,3.88,1998.43
2024-05-18,Meta,Retargeting,9565,757,4651.46,116,15.32,40.1,22222.29
2024-05-19,LinkedIn,Product Launch,25610,737,343.54,17,2.31,20.21,3692.91
2024-05-20,Twitter,Brand Awareness,27612,2626,1050.96,300,11.42,3.5,48451.77
2024-05-21,Meta,Product Launch,9136,268,599.4,5,1.87,119.88,1048.87
2024-05-22,TikTok,Retargeting,42416,417,2719.39,19,4.56,143.13,4502.22
2024-05-23,Twitter,Retargeting,28061,1671,3506.74,161,9.63,21.78,23945.35
2024-05-24,Meta,Product Launch,4041,271,3099.54,19,7.01,163.13,2680.89
2024-05-25,Meta,Lead Gen,24981,204,3565.05,9,4.41,396.12,1371.54
2024-05-26,Meta,Product Launch,10388,944,1984.88,19,2.01,104.47,3443.97
2024-05-27,Instagram,Lead Gen,5844,211,1287.25,11,5.21,117.02,799.92
2024-05-28,Instagram,Retargeting,46269,2877,2715.43,520,18.07,5.22,137873.38
2024-05-29,Meta,Product Launch,13302,494,3247.51,43,8.7,75.52,11731.52
2024-05-30,Instagram,Lead Gen,18044,684,4140.09,35,5.12,118.29,9877.01
2024-05-31,Twitter,Retargeting,29674,358,2165.15,10,2.79,216.52,2867.35
2024-06-01,LinkedIn,Lead Gen,14976,821,4307.72,90,10.96,47.86,22817.18
2024-06-02,LinkedIn,Retargeting,27192,821,628.27,133,16.2,4.72,31008.31
2024-06-03,Meta,Lead Gen,16619,789,4679.95,78,9.89,60.0,4866.01
2024-06-04,Instagram,Retargeting,21256,1417,3493.53,82,5.79,42.6,22554.45
2024-06-05,Twitter,Product Launch,38272,531,2179.27,14,2.64,155.66,1405.15
2024-06-06,Meta,Lead Gen,6032,158,4522.24,28,17.72,161.51,2552.21
2024-06-07,Instagram,Brand Awareness,2847,208,1498.0,27,12.98,55.48,5819.37
2024-06-08,Instagram,Lead Gen,21880,156,562.31,0,0.0,,0.0
2024-06-09,Instagram,Product Launch,4465,346,4351.56,63,18.21,69.07,6843.55
2024-06-10,Twitter,Retargeting,13988,832,4301.61,57,6.85,75.47,15703.37
2024-06-11,Twitter,Lead Gen,32221,2018,166.79,52,2.58,3.21,13636.18
2024-06-12,LinkedIn,Lead Gen,12114,1135,2292.75,79,6.96,29.02,5771.65
2024-06-13,Meta,Retargeting,36636,3210,3410.13,239,7.45,14.27,36859.43
2024-06-14,Twitter,Lead Gen,38198,3111,4055.08,369,11.86,10.99,52872.35
2024-06-15,Twitter,Brand Awareness,33373,1428,4467.55,142,9.94,31.46,8019.84
2024-06-16,Meta,Retargeting,24274,611,1612.17,58,9.49,27.8,6723.23
2024-06-17,TikTok,Lead Gen,31651,2414,4436.36,161,6.67,27.56,12731.96
2024-06-18,TikTok,Lead Gen,5385,66,2169.41,0,0.0,,0.0
2024-06-19,LinkedIn,Brand Awareness,15386,370,1164.63,56,15.14,20.8,7947.5
2024-06-20,TikTok,Product Launch,14432,1129,656.05,120,10.63,5.47,6753.99
2024-06-21,Meta,Brand Awareness,12564,636,4129.24,88,13.84,46.92,22396.02
2024-06-22,TikTok,Product Launch,14301,354,795.49,67,18.93,11.87,10688.58
2024-06-23,Instagram,Lead Gen,45558,306,1946.32,23,7.52,84.62,6359.02
2024-06-24,Twitter,Lead Gen,35409,730,2402.63,41,5.62,58.6,2178.53
2024-06-25,LinkedIn,Brand Awareness,1722,105,2942.88,14,13.33,210.21,893.82
2024-06-26,TikTok,Product Launch,2889,283,4038.42,49,17.31,82.42,10746.83
2024-06-27,TikTok,Product Launch,29544,281,3635.18,22,7.83,165.24,4260.06
2024-06-28,Instagram,Product Launch,5749,183,3911.43,15,8.2,260.76,3589.67
2024-01-01,TikTok,Lead Gen,9983,975,1814.68,144,14.77,12.6,17970.77
2024-01-02,LinkedIn,Brand Awareness,1559,94,1824.8,10,10.64,182.48,1019.15
2024-01-03,LinkedIn,Retargeting,7060,87,3351.15,14,16.09,239.37,715.4
2024-01-04,LinkedIn,Retargeting,31468,2353,2670.36,469,19.93,5.69,51414.91
2024-01-05,TikTok,Retargeting,34987,1104,3554.12,57,5.16,62.35,10358.26
2024-01-06,LinkedIn,Lead Gen,15972,528,2549.05,22,4.17,115.87,3571.18
2024-01-07,Instagram,Lead Gen,18084,766,1303.49,48,6.27,27.16,3926.77
2024-01-08,LinkedIn,Product Launch,5016,280,1924.17,56,20.0,34.36,10769.21
2024-01-09,TikTok,Lead Gen,14743,165,3440.12,5,3.03,688.02,321.34
2024-01-10,Meta,Brand Awareness,34424,570,2266.47,111,19.47,20.42,12296.18
2024-01-11,LinkedIn,Retargeting,29472,632,346.26,52,8.23,6.66,12182.35
2024-01-12,Meta,Retargeting,34852,3439,2954.74,196,5.7,15.08,54503.02
2024-01-13,TikTok,Lead Gen,17900,1639,1068.51,39,2.38,27.4,7136.28
2024-01-14,Meta,Product Launch,41986,972,2553.08,189,19.44,13.51,20255.04
2024-01-15,LinkedIn,Retargeting,23674,1422,1165.66,152,10.69,7.67,12863.71
2024-01-16,TikTok,Brand Awareness,48008,2194,2076.26,230,10.48,9.03,59663.85
2024-01-17,LinkedIn,Brand Awareness,48710,3123,2638.44,88,2.82,29.98,11218.37
2024-01-18,Instagram,Retargeting,22592,1604,4237.62,17,1.06,249.27,2624.7
2024-01-19,Meta,Brand Awareness,12123,192,151.5,16,8.33,9.47,2888.78
2024-01-20,Twitter,Product Launch,35684,3504,4587.86,211,6.02,21.74,48034.27
2024-01-21,Twitter,Product Launch,12896,1220,4752.77,195,15.98,24.37,24629.43
2024-01-22,Twitter,Lead Gen,37634,2266,1203.23,40,1.77,30.08,4523.98
2024-01-23,Meta,Lead Gen,43374,1609,1717.64,146,9.07,11.76,21818.45
2024-01-24,TikTok,Lead Gen,25074,1326,4763.37,175,13.2,27.22,14316.57
2024-01-25,Instagram,Brand Awareness,32547,2989,3326.02,53,1.77,62.76,7800.24
2024-01-26,Meta,Lead Gen,7947,468,4378.99,32,6.84,136.84,8265.6
2024-01-27,Instagram,Lead Gen,35497,1395,1928.99,208,14.91,9.27,31134.54
2024-01-28,Instagram,Retargeting,37760,3090,4266.69,537,17.38,7.95,60675.62
2024-01-29,Twitter,Retargeting,17841,288,4416.92,2,0.69,2208.46,547.48
2024-01-30,TikTok,Brand Awareness,9584,231,3184.33,39,16.88,81.65,5505.19
2024-01-31,Meta,Product Launch,39544,3559,4495.39,278,7.81,16.17,25738.04
2024-02-01,Twitter,Retargeting,22330,469,4142.92,79,16.84,52.44,14454.74
2024-02-02,TikTok,Lead Gen,18847,1110,1506.38,199,17.93,7.57,51491.49
2024-02-03,LinkedIn,Product Launch,15603,1078,2117.04,5,0.46,423.41,1271.82
2024-02-04,TikTok,Brand Awareness,20724,1164,1065.71,53,4.55,20.11,7560.33
2024-02-05,Twitter,Brand Awareness,8709,339,2488.89,9,2.65,276.54,2461.18
2024-02-06,Twitter,Brand Awareness,12162,1201,685.33,26,2.16,26.36,4315.39
2024-02-07,LinkedIn,Lead Gen,47008,1161,2829.96,133,11.46,21.28,7302.56
2024-02-08,TikTok,Lead Gen,14461,69,569.75,12,17.39,47.48,1034.9
2024-02-09,Instagram,Product Launch,9807,322,101.91,42,13.04,2.43,5040.16
2024-02-10,Meta,Retargeting,6189,326,1363.37,15,4.6,90.89,3966.6
2024-02-11,TikTok,Product Launch,44541,2419,1239.29,443,18.31,2.8,91050.88
2024-02-12,LinkedIn,Retargeting,46938,2248,3483.91,25,1.11,139.36,3302.28
2024-02-13,TikTok,Product Launch,17246,1670,3990.07,131,7.84,30.46,24156.74
2024-02-14,LinkedIn,Brand Awareness,29434,1930,1939.2,315,16.32,6.16,55216.22
2024-02-15,LinkedIn,Brand Awareness,36897,3166,2939.07,542,17.12,5.42,30938.32
2024-02-16,LinkedIn,Product Launch,23723,472,2868.59,49,10.38,58.54,6230.62
2024-02-17,LinkedIn,Brand Awareness,23930,2035,1843.09,348,17.1,5.3,61162.06
2024-02-18,LinkedIn,Lead Gen,48004,1950,3840.38,260,13.33,14.77,49156.41
2024-02-19,Twitter,Product Launch,20879,1225,360.99,160,13.06,2.26,21834.57
2024-02-20,Instagram,Retargeting,47281,852,928.87,33,3.87,28.15,9596.48
2024-02-21,Meta,Product Launch,13258,734,2684.6,7,0.95,383.51,799.63
2024-02-22,LinkedIn,Brand Awareness,35129,1026,2473.15,2,0.19,1236.58,598.57
2024-02-23,TikTok,Lead Gen,26931,1373,739.29,63,4.59,11.73,14152.99
2024-02-24,Instagram,Retargeting,38166,1146,457.19,180,15.71,2.54,17654.67
2024-02-25,Meta,Product Launch,13306,954,4759.48,12,1.26,396.62,3550.01
2024-02-26,Instagram,Retargeting,41486,2573,1632.63,461,17.92,3.54,115742.09
2024-02-27,Instagram,Retargeting,19200,607,3723.37,28,4.61,132.98,2807.78
2024-02-28,TikTok,Retargeting,49290,4046,2103.16,574,14.19,3.66,99777.62
2024-02-29,Meta,Retargeting,32572,2451,4634.77,23,0.94,201.51,4583.81
2024-03-01,TikTok,Product Launch,14625,1032,4907.04,187,18.12,26.24,40780.39
2024-03-02,Twitter,Retargeting,14123,302,1937.61,58,19.21,33.41,13589.02
2024-03-03,TikTok,Brand Awareness,41648,2970,2656.33,505,17.0,5.26,82446.91
2024-03-04,TikTok,Retargeting,18680,1164,823.73,218,18.73,3.78,25595.67
2024-03-05,TikTok,Lead Gen,2223,163,2292.35,26,15.95,88.17,3738.53
2024-03-06,Instagram,Brand Awareness,48407,2422,2477.88,224,9.25,11.06,48225.74
2024-03-07,TikTok,Brand Awareness,5145,461,4888.56,73,15.84,66.97,3997.23
2024-03-08,LinkedIn,Product Launch,47081,430,3922.5,57,13.26,68.82,3189.55
2024-03-09,LinkedIn,Lead Gen,27398,914,3750.4,91,9.96,41.21,5326.45
2024-03-10,Instagram,Retargeting,28168,226,4550.26,1,0.44,4550.26,58.97
2024-03-11,Instagram,Product Launch,4318,183,3968.9,26,14.21,152.65,6912.92
2024-03-12,Instagram,Brand Awareness,28002,1212,3278.84,1,0.08,3278.84,65.24
2024-03-13,Meta,Brand Awareness,32395,3075,1188.38,557,18.11,2.13,149439.83
2024-03-14,TikTok,Product Launch,7953,281,2064.68,41,14.59,50.36,7239.77
2024-03-15,LinkedIn,Product Launch,14713,1461,521.18,246,16.84,2.12,12612.11
2024-03-16,TikTok,Retargeting,1729,118,4176.57,19,16.1,219.82,4930.86
2024-03-17,Meta,Retargeting,45433,1689,3357.74,159,9.41,21.12,17696.51
2024-03-18,Twitter,Lead Gen,19692,1169,3075.94,151,12.92,20.37,17883.94
2024-03-19,LinkedIn,Retargeting,13991,963,2061.53,142,14.75,14.52,38330.97
2024-03-20,Twitter,Brand Awareness,14222,1357,2306.49,145,10.69,15.91,34522.54
2024-03-21,TikTok,Brand Awareness,34833,3314,2719.91,504,15.21,5.4,99036.94
2024-03-22,Meta,Lead Gen,29521,363,1511.75,21,5.79,71.99,6193.44
2024-03-23,TikTok,Lead Gen,33474,2880,512.52,327,11.35,1.57,18505.08
2024-03-24,TikTok,Retargeting,2922,193,1422.27,38,19.69,37.43,10503.81
2024-03-25,Twitter,Product Launch,31587,2999,2556.43,176,5.87,14.53,14725.18
2024-03-26,Meta,Brand Awareness,38270,3540,3770.41,701,19.8,5.38,87568.06
2024-03-27,LinkedIn,Product Launch,8861,720,3403.68,128,17.78,26.59,35136.99
2024-03-28,Meta,Lead Gen,33394,3191,923.78,622,19.49,1.49,138526.78
2024-03-29,Meta,Product Launch,47221,1367,2017.72,28,2.05,72.06,5659.01
2024-03-30,Twitter,Lead Gen,49522,1659,4435.46,27,1.63,164.28,6079.74
2024-03-31,Twitter,Product Launch,16444,118,1588.71,4,3.39,397.18,573.54
2024-04-01,Instagram,Brand Awareness,14225,523,1990.13,50,9.56,39.8,5392.51
2024-04-02,Meta,Lead Gen,5333,308,1468.73,9,2.92,163.19,1631.86
2024-04-03,Twitter,Lead Gen,21145,1440,3683.3,39,2.71,94.44,3280.58
2024-04-04,Meta,Lead Gen,32418,109,951.19,11,10.09,86.47,2604.02
2024-04-05,Instagram,Lead Gen,4807,249,323.79,39,15.66,8.3,3335.75
2024-04-06,Twitter,Lead Gen,33623,2924,1438.74,556,19.02,2.59,89970.83
2024-04-07,LinkedIn,Lead Gen,4095,149,1119.49,29,19.46,38.6,6088.45
2024-04-08,Instagram,Product Launch,13730,1313,1885.08,50,3.81,37.7,3374.69
2024-04-09,LinkedIn,Lead Gen,31171,441,2433.83,32,7.26,76.06,3440.4
2024-04-10,Twitter,Product Launch,9267,281,4545.96,50,17.79,90.92,14520.42
2024-04-11,Twitter,Lead Gen,6910,85,4394.8,3,3.53,1464.93,546.92
2024-04-12,LinkedIn,Brand Awareness,31355,2986,3182.63,362,12.12,8.79,68623.85
2024-04-13,Instagram,Retargeting,23038,1081,3382.96,152,14.06,22.26,16190.53
2024-04-14,LinkedIn,Brand Awareness,34253,1769,921.29,19,1.07,48.49,1644.54
2024-04-15,TikTok,Retargeting,32955,224,1299.98,15,6.7,86.67,1548.28
2024-04-16,Twitter,Brand Awareness,3209,100,938.56,18,18.0,52.14,4545.49
2024-04-17,Instagram,Brand Awareness,49194,1424,1021.92,224,15.73,4.56,35511.5
2024-04-18,Twitter,Product Launch,3657,184,906.31,3,1.63,302.1,662.62
2024-04-19,Meta,Lead Gen,31962,2130,3340.55,12,0.56,278.38,2941.92
2024-04-20,Twitter,Product Launch,12301,459,3973.88,9,1.96,441.54,536.43
2024-04-21,LinkedIn,Retargeting,23310,608,996.36,115,18.91,8.66,11608.56
2024-04-22,TikTok,Brand Awareness,26784,2196,593.71,272,12.39,2.18,47918.19
2024-04-23,TikTok,Retargeting,25961,2020,2318.95,66,3.27,35.14,11376.29
2024-04-24,Instagram,Retargeting,4402,344,3302.48,64,18.6,51.6,15488.36
2024-04-25,LinkedIn,Lead Gen,38927,3781,2457.73,102,2.7,24.1,10954.93
2024-04-26,Meta,Lead Gen,48091,3186,2450.23,260,8.16,9.42,44723.82
2024-04-27,Twitter,Brand Awareness,32478,1546,1113.31,156,10.09,7.14,23631.46
2024-04-28,TikTok,Retargeting,16090,145,107.77,10,6.9,10.78,2375.5
2024-04-29,Twitter,Retargeting,42671,1901,466.53,186,9.78,2.51,29328.02
2024-04-30,TikTok,Brand Awareness,11287,403,670.8,24,5.96,27.95,3332.98
2024-05-01,TikTok,Brand Awareness,37349,1312,1913.71,108,8.23,17.72,12471.24
2024-05-02,Meta,Product Launch,11523,617,1562.68,8,1.3,195.34,1554.81
2024-05-03,TikTok,Lead Gen,8785,146,2210.54,20,13.7,110.53,4243.77
2024-05-04,LinkedIn,Product Launch,24041,783,4024.61,85,10.86,47.35,20070.93
2024-05-05,TikTok,Product Launch,2384,51,874.71,1,1.96,874.71,201.7
2024-05-06,Instagram,Brand Awareness,30926,1841,1058.83,222,12.06,4.77,58008.75
2024-05-07,TikTok,Brand Awareness,28055,210,1913.74,28,13.33,68.35,7590.63
2024-05-08,Instagram,Lead Gen,43332,1037,3738.37,189,18.23,19.78,43606.15
2024-05-09,LinkedIn,Product Launch,38997,2833,1567.07,387,13.66,4.05,77213.34
2024-05-10,Twitter,Lead Gen,49405,3705,1385.0,265,7.15,5.23,75655.81
2024-05-11,Instagram,Lead Gen,39594,3464,3191.8,229,6.61,13.94,13007.27
2024-05-12,Meta,Lead Gen,26917,538,3222.83,44,8.18,73.25,8066.69
2024-05-13,Twitter,Brand Awareness,18680,580,1556.0,19,3.28,81.89,1740.91
2024-05-14,TikTok,Product Launch,9329,432,2848.3,63,14.58,45.21,15115.37
2024-05-15,LinkedIn,Product Launch,1143,74,4785.43,13,17.57,368.11,2665.72
2024-05-16,Twitter,Product Launch,27395,1549,2803.68,11,0.71,254.88,1772.4
2024-05-17,LinkedIn,Lead Gen,47992,2994,4581.74,124,4.14,36.95,20809.4
2024-05-18,Instagram,Lead Gen,11461,838,343.74,56,6.68,6.14,7168.91
2024-05-19,Instagram,Retargeting,16723,751,4500.85,104,13.85,43.28,30409.29
