location,sample,age_band,eligible_n,classified_n,A,B,C,O,missing_share,components_withheld
Turkana,refugee,6–17,6409,6409,2.560131,1.379535,96.060333,3.939667,0.000000,False
Turkana,refugee,6–11,3216,3216,4.372321,0.871587,94.756091,5.243909,0.000000,False
Turkana,refugee,12–14,1652,1652,1.183456,0.765212,98.051332,1.948668,0.000000,False
Turkana,refugee,15–17,1541,1541,0.524734,3.009103,96.466163,3.533837,0.000000,False
Turkana,host,6–17,1442,1441,35.910928,4.465724,59.623348,40.376652,0.093166,False
Turkana,host,6–11,798,797,34.713878,2.508978,62.777144,37.222856,0.170017,False
Turkana,host,12–14,363,363,38.043176,5.490816,56.466008,43.533992,0.000000,False
Turkana,host,15–17,281,281,36.503773,8.515466,54.980761,45.019239,0.000000,False
Dadaab,refugee,6–17,2933,2933,56.990454,2.886921,40.122624,59.877376,0.000000,False
Dadaab,refugee,6–11,1584,1584,72.309435,1.316188,26.374377,73.625623,0.000000,False
Dadaab,refugee,12–14,702,702,43.523019,3.525913,52.951068,47.048932,0.000000,False
Dadaab,refugee,15–17,647,647,34.688013,6.018137,59.293850,40.706150,0.000000,False
Dadaab,host,6–17,2726,2726,53.676361,3.782342,42.541297,57.458703,0.000000,False
Dadaab,host,6–11,1412,1412,64.705268,2.288116,33.006616,66.993384,0.000000,False
Dadaab,host,12–14,744,744,44.068325,3.505091,52.426584,47.573416,0.000000,False
Dadaab,host,15–17,570,570,39.732524,7.646442,52.621034,47.378966,0.000000,False
Nairobi,refugee,6–17,1147,1147,7.352791,8.660123,83.987086,16.012914,0.000000,False
Nairobi,refugee,6–11,594,594,9.515925,5.702855,84.781220,15.218780,0.000000,False
Nairobi,refugee,12–14,287,287,4.547206,4.874674,90.578119,9.421881,0.000000,False
Nairobi,refugee,15–17,266,266,5.229159,20.028753,74.742088,25.257912,0.000000,False
Nairobi,host,6–17,549,549,,,95.632878,4.367122,0.000000,True
Other Urban,refugee,6–17,727,727,2.895769,6.691919,90.412313,9.587687,0.000000,False
Other Urban,host,6–17,539,539,,,96.845455,3.154545,0.000000,True
